sample	length	count
BGG_BOSW	0	0
BGG_BOSW	1	0
BGG_BOSW	2	0
BGG_BOSW	3	0
BGG_BOSW	4	0
BGG_BOSW	5	0
BGG_BOSW	6	0
BGG_BOSW	7	0
BGG_BOSW	8	0
BGG_BOSW	9	0
BGG_BOSW	10	0
BGG_BOSW	11	0
BGG_BOSW	12	5814
BGG_BOSW	13	2412
BGG_BOSW	14	1183
BGG_BOSW	15	3058
BGG_BOSW	16	1494
BGG_BOSW	17	769
BGG_BOSW	18	520
BGG_BOSW	19	386
BGG_BOSW	20	624
BGG_BOSW	21	430
BGG_BOSW	22	402
BGG_BOSW	23	345
BGG_BOSW	24	309
BGG_BOSW	25	395
BGG_BOSW	26	322
BGG_BOSW	27	331
BGG_BOSW	28	310
BGG_BOSW	29	275
BGG_BOSW	30	397
BGG_BOSW	31	418
BGG_BOSW	32	382
BGG_BOSW	33	377
BGG_BOSW	34	368
BGG_BOSW	35	339
BGG_BOSW	36	348
BGG_BOSW	37	318
BGG_BOSW	38	335
BGG_BOSW	39	250
BGG_BOSW	40	308
BGG_BOSW	41	288
BGG_BOSW	42	291
BGG_BOSW	43	298
BGG_BOSW	44	291
BGG_BOSW	45	259
BGG_BOSW	46	249
BGG_BOSW	47	268
BGG_BOSW	48	270
BGG_BOSW	49	245
BGG_BOSW	50	283
BGG_BOSW	51	276
BGG_BOSW	52	271
BGG_BOSW	53	273
BGG_BOSW	54	273
BGG_BOSW	55	288
BGG_BOSW	56	362
BGG_BOSW	57	329
BGG_BOSW	58	339
BGG_BOSW	59	324
BGG_BOSW	60	344
BGG_BOSW	61	389
BGG_BOSW	62	385
BGG_BOSW	63	427
BGG_BOSW	64	435
BGG_BOSW	65	430
BGG_BOSW	66	514
BGG_BOSW	67	525
BGG_BOSW	68	514
BGG_BOSW	69	492
BGG_BOSW	70	553
BGG_BOSW	71	575
BGG_BOSW	72	736
BGG_BOSW	73	679
BGG_BOSW	74	709
BGG_BOSW	75	822
BGG_BOSW	76	715
BGG_BOSW	77	759
BGG_BOSW	78	892
BGG_BOSW	79	889
BGG_BOSW	80	1126
BGG_BOSW	81	1170
BGG_BOSW	82	2027
BGG_BOSW	83	1422
BGG_BOSW	84	1788
BGG_BOSW	85	1966
BGG_BOSW	86	1908
BGG_BOSW	87	2317
BGG_BOSW	88	2650
BGG_BOSW	89	3006
BGG_BOSW	90	3148
BGG_BOSW	91	3400
BGG_BOSW	92	3745
BGG_BOSW	93	4039
BGG_BOSW	94	4323
BGG_BOSW	95	4562
BGG_BOSW	96	4908
BGG_BOSW	97	5042
BGG_BOSW	98	5113
BGG_BOSW	99	5466
BGG_BOSW	100	5677
BGG_BOSW	101	5916
BGG_BOSW	102	7553
BGG_BOSW	103	7545
BGG_BOSW	104	8155
BGG_BOSW	105	8594
BGG_BOSW	106	9067
BGG_BOSW	107	9474
BGG_BOSW	108	9840
BGG_BOSW	109	10330
BGG_BOSW	110	10760
BGG_BOSW	111	11300
BGG_BOSW	112	11695
BGG_BOSW	113	12121
BGG_BOSW	114	13043
BGG_BOSW	115	13355
BGG_BOSW	116	13709
BGG_BOSW	117	14464
BGG_BOSW	118	14856
BGG_BOSW	119	15196
BGG_BOSW	120	15682
BGG_BOSW	121	16481
BGG_BOSW	122	16755
BGG_BOSW	123	17076
BGG_BOSW	124	17549
BGG_BOSW	125	18038
BGG_BOSW	126	18282
BGG_BOSW	127	18901
BGG_BOSW	128	19364
BGG_BOSW	129	19800
BGG_BOSW	130	20140
BGG_BOSW	131	20453
BGG_BOSW	132	20945
BGG_BOSW	133	21049
BGG_BOSW	134	21632
BGG_BOSW	135	22272
BGG_BOSW	136	22467
BGG_BOSW	137	22940
BGG_BOSW	138	23056
BGG_BOSW	139	23206
BGG_BOSW	140	24139
BGG_BOSW	141	24077
BGG_BOSW	142	24537
BGG_BOSW	143	24683
BGG_BOSW	144	25410
BGG_BOSW	145	25608
BGG_BOSW	146	25923
BGG_BOSW	147	26429
BGG_BOSW	148	27021
BGG_BOSW	149	27384
BGG_BOSW	150	27616
BGG_BOSW	151	27659
BGG_BOSW	152	28142
BGG_BOSW	153	28181
BGG_BOSW	154	28413
BGG_BOSW	155	28668
BGG_BOSW	156	29498
BGG_BOSW	157	29769
BGG_BOSW	158	30144
BGG_BOSW	159	30668
BGG_BOSW	160	30890
BGG_BOSW	161	31251
BGG_BOSW	162	31439
BGG_BOSW	163	31539
BGG_BOSW	164	31871
BGG_BOSW	165	32441
BGG_BOSW	166	32754
BGG_BOSW	167	32774
BGG_BOSW	168	34014
BGG_BOSW	169	33925
BGG_BOSW	170	34307
BGG_BOSW	171	34246
BGG_BOSW	172	34814
BGG_BOSW	173	34663
BGG_BOSW	174	35305
BGG_BOSW	175	35446
BGG_BOSW	176	35841
BGG_BOSW	177	36187
BGG_BOSW	178	36327
BGG_BOSW	179	36694
BGG_BOSW	180	36771
BGG_BOSW	181	37300
BGG_BOSW	182	37228
BGG_BOSW	183	37068
BGG_BOSW	184	36800
BGG_BOSW	185	36198
BGG_BOSW	186	37105
BGG_BOSW	187	37212
BGG_BOSW	188	35571
BGG_BOSW	189	35910
BGG_BOSW	190	35678
BGG_BOSW	191	0
BGG_BOSW	192	0
BGG_BOSW	193	0
BGG_BOSW	194	0
BGG_BOSW	195	0
BGG_BOSW	196	0
BGG_BOSW	197	0
BGG_BOSW	198	0
BGG_BOSW	199	0
BGG_BOSW	200	0
BGG_BOSW	201	0
BGG_BOSW	202	0
BGG_BOSW	203	0
BGG_BOSW	204	0
BGG_BOSW	205	0
BGG_BOSW	206	0
BGG_BOSW	207	0
BGG_BOSW	208	0
BGG_BOSW	209	0
BGG_BOSW	210	0
BGG_BOSW	211	0
BGG_BOSW	212	0
BGG_BOSW	213	0
BGG_BOSW	214	0
BGG_BOSW	215	0
BGG_BOSW	216	0
BGG_BOSW	217	0
BGG_BOSW	218	0
BGG_BOSW	219	0
BGG_BOSW	220	0
BGG_BOSW	221	0
BGG_BOSW	222	0
BGG_BOSW	223	0
BGG_BOSW	224	0
BGG_BOSW	225	0
BGG_BOSW	226	0
BGG_BOSW	227	0
BGG_BOSW	228	0
BGG_BOSW	229	0
BGG_BOSW	230	0
BGG_BOSW	231	0
BGG_BOSW	232	0
BGG_BOSW	233	0
BGG_BOSW	234	0
BGG_BOSW	235	0
BGG_BOSW	236	0
BGG_BOSW	237	0
BGG_BOSW	238	0
BGG_BOSW	239	0
BGG_BOSW	240	0
BGG_BOSW	241	0
BGG_BOSW	242	0
BGG_BOSW	243	0
BGG_BOSW	244	0
BGG_BOSW	245	0
BGG_BOSW	246	0
BGG_BOSW	247	0
BGG_BOSW	248	0
BGG_BOSW	249	0
BGG_BOSW	250	0
BGG_BOSW	251	0
BGG_BOSW	252	0
BGG_BOSW	253	0
BGG_BOSW	254	0
BGG_BOSW	255	0
BGG_BOSW	256	0
BGG_BOSW	257	0
BGG_BOSW	258	0
BGG_BOSW	259	0
BGG_BOSW	260	0
BGG_BOSW	261	0
BGG_BOSW	262	0
BGG_BOSW	263	0
BGG_BOSW	264	0
BGG_BOSW	265	0
BGG_BOSW	266	0
BGG_BOSW	267	0
BGG_BOSW	268	0
BGG_BOSW	269	0
BGG_BOSW	270	0
BGG_BOSW	271	0
BGG_BOSW	272	0
BGG_BOSW	273	0
BGG_BOSW	274	0
BGG_BOSW	275	0
BGG_BOSW	276	0
BGG_BOSW	277	0
BGG_BOSW	278	0
BGG_BOSW	279	0
BGG_BOSW	280	0
BGG_BOSW	281	0
BGG_BOSW	282	0
BGG_BOSW	283	0
BGG_BOSW	284	0
BGG_BOSW	285	0
BGG_BOSW	286	0
BGG_BOSW	287	0
BGG_BOSW	288	0
BGG_BOSW	289	0
BGG_BOSW	290	0
BGG_BOSW	291	0
BGG_BOSW	292	0
BGG_BOSW	293	0
BGG_BOSW	294	0
BGG_BOSW	295	0
BGG_BOSW	296	0
BGG_BOSW	297	0
BGG_BOSW	298	0
BGG_BOSW	299	0
BGG_BOSW	300	0
BGG_BOSW	301	0
BGG_BOSW	302	0
BGG_BOSW	303	0
BGG_BOSW	304	0
BGG_BOSW	305	0
BGG_BOSW	306	0
BGG_BOSW	307	0
BGG_BOSW	308	0
BGG_BOSW	309	0
BGG_BOSW	310	0
BGG_BOSW	311	0
BGG_BOSW	312	0
BGG_BOSW	313	0
BGG_BOSW	314	0
BGG_BOSW	315	0
BGG_BOSW	316	0
BGG_BOSW	317	0
BGG_BOSW	318	0
BGG_BOSW	319	0
BGG_BOSW	320	0
BGG_BOSW	321	0
BGG_BOSW	322	0
BGG_BOSW	323	0
BGG_BOSW	324	0
BGG_BOSW	325	0
BGG_BOSW	326	0
BGG_BOSW	327	0
BGG_BOSW	328	0
BGG_BOSW	329	0
BGG_BOSW	330	0
BGG_BOSW	331	0
BGG_BOSW	332	0
BGG_BOSW	333	0
BGG_BOSW	334	0
BGG_BOSW	335	0
BGG_BOSW	336	0
BGG_BOSW	337	0
BGG_BOSW	338	0
BGG_BOSW	339	0
BGG_BOSW	340	0
BGG_BOSW	341	0
BGG_BOSW	342	0
BGG_BOSW	343	0
BGG_BOSW	344	0
BGG_BOSW	345	0
BGG_BOSW	346	0
BGG_BOSW	347	0
BGG_BOSW	348	0
BGG_BOSW	349	0
BGG_BOSW	350	0
BGG_BOSW	351	0
BGG_BOSW	352	0
BGG_BOSW	353	0
BGG_BOSW	354	0
BGG_BOSW	355	0
BGG_BOSW	356	0
BGG_BOSW	357	0
BGG_BOSW	358	0
BGG_BOSW	359	0
BGG_BOSW	360	0
BGG_BOSW	361	0
BGG_BOSW	362	0
BGG_BOSW	363	0
BGG_BOSW	364	0
BGG_BOSW	365	0
BGG_BOSW	366	0
BGG_BOSW	367	0
BGG_BOSW	368	0
BGG_BOSW	369	0
BGG_BOSW	370	0
BGG_BOSW	371	0
BGG_BOSW	372	0
BGG_BOSW	373	0
BGG_BOSW	374	0
BGG_BOSW	375	0
BGG_BOSW	376	0
BGG_BOSW	377	0
BGG_BOSW	378	0
BGG_BOSW	379	0
BGG_BOSW	380	0
BGG_BOSW	381	0
BGG_BOSW	382	0
BGG_BOSW	383	0
BGG_BOSW	384	0
BGG_BOSW	385	0
BGG_BOSW	386	0
BGG_BOSW	387	0
BGG_BOSW	388	0
BGG_BOSW	389	0
BGG_BOSW	390	0
BGG_BOSW	391	0
BGG_BOSW	392	0
BGG_BOSW	393	0
BGG_BOSW	394	0
BGG_BOSW	395	0
BGG_BOSW	396	0
BGG_BOSW	397	0
BGG_BOSW	398	0
BGG_BOSW	399	0
BGG_BOSW	400	0
BGG_BOSW	401	0
BGG_BOSW	402	0
BGG_BOSW	403	0
BGG_BOSW	404	0
BGG_BOSW	405	0
BGG_BOSW	406	0
BGG_BOSW	407	0
BGG_BOSW	408	0
BGG_BOSW	409	0
BGG_BOSW	410	0
BGG_BOSW	411	0
BGG_BOSW	412	0
BGG_BOSW	413	0
BGG_BOSW	414	0
BGG_BOSW	415	0
BGG_BOSW	416	0
BGG_BOSW	417	0
BGG_BOSW	418	0
BGG_BOSW	419	0
BGG_BOSW	420	0
BGG_BOSW	421	0
BGG_BOSW	422	0
BGG_BOSW	423	0
BGG_BOSW	424	0
BGG_BOSW	425	0
BGG_BOSW	426	0
BGG_BOSW	427	0
BGG_BOSW	428	0
BGG_BOSW	429	0
BGG_BOSW	430	0
BGG_BOSW	431	0
BGG_BOSW	432	0
BGG_BOSW	433	0
BGG_BOSW	434	0
BGG_BOSW	435	0
BGG_BOSW	436	0
BGG_BOSW	437	0
BGG_BOSW	438	0
BGG_BOSW	439	0
BGG_BOSW	440	0
BGG_BOSW	441	0
BGG_BOSW	442	0
BGG_BOSW	443	0
BGG_BOSW	444	0
BGG_BOSW	445	0
BGG_BOSW	446	0
BGG_BOSW	447	0
BGG_BOSW	448	0
BGG_BOSW	449	0
BGG_BOSW	450	0
BGG_BOSW	451	0
BGG_BOSW	452	0
BGG_BOSW	453	0
BGG_BOSW	454	0
BGG_BOSW	455	0
BGG_BOSW	456	0
BGG_BOSW	457	0
BGG_BOSW	458	0
BGG_BOSW	459	0
BGG_BOSW	460	0
BGG_BOSW	461	0
BGG_BOSW	462	0
BGG_BOSW	463	0
BGG_BOSW	464	0
BGG_BOSW	465	0
BGG_BOSW	466	0
BGG_BOSW	467	0
BGG_BOSW	468	0
BGG_BOSW	469	0
BGG_BOSW	470	0
BGG_BOSW	471	0
BGG_BOSW	472	0
BGG_BOSW	473	0
BGG_BOSW	474	0
BGG_BOSW	475	0
BGG_BOSW	476	0
BGG_BOSW	477	0
BGG_BOSW	478	0
BGG_BOSW	479	0
BGG_BOSW	480	0
BGG_BOSW	481	0
BGG_BOSW	482	0
BGG_BOSW	483	0
BGG_BOSW	484	0
BGG_BOSW	485	0
BGG_BOSW	486	0
BGG_BOSW	487	0
BGG_BOSW	488	0
BGG_BOSW	489	0
BGG_BOSW	490	0
BGG_BOSW	491	0
BGG_BOSW	492	0
BGG_BOSW	493	0
BGG_BOSW	494	0
BGG_BOSW	495	0
BGG_BOSW	496	0
BGG_BOSW	497	0
BGG_BOSW	498	0
BGG_BOSW	499	0
BGG_BOSW	500	0
BGG_BOSW	501	0
BGG_BOSW	502	0
BGG_BOSW	503	0
BGG_BOSW	504	0
BGG_BOSW	505	0
BGG_BOSW	506	0
BGG_BOSW	507	0
BGG_BOSW	508	0
BGG_BOSW	509	0
BGG_BOSW	510	0
BGG_BOSW	511	0
BGG_BOSW	512	34461118
BGG_KOSDC	0	0
BGG_KOSDC	1	0
BGG_KOSDC	2	0
BGG_KOSDC	3	0
BGG_KOSDC	4	0
BGG_KOSDC	5	0
BGG_KOSDC	6	0
BGG_KOSDC	7	0
BGG_KOSDC	8	0
BGG_KOSDC	9	0
BGG_KOSDC	10	0
BGG_KOSDC	11	0
BGG_KOSDC	12	12400
BGG_KOSDC	13	4488
BGG_KOSDC	14	2602
BGG_KOSDC	15	6146
BGG_KOSDC	16	2844
BGG_KOSDC	17	1664
BGG_KOSDC	18	1035
BGG_KOSDC	19	775
BGG_KOSDC	20	1327
BGG_KOSDC	21	848
BGG_KOSDC	22	771
BGG_KOSDC	23	593
BGG_KOSDC	24	620
BGG_KOSDC	25	744
BGG_KOSDC	26	657
BGG_KOSDC	27	561
BGG_KOSDC	28	488
BGG_KOSDC	29	449
BGG_KOSDC	30	431
BGG_KOSDC	31	439
BGG_KOSDC	32	388
BGG_KOSDC	33	371
BGG_KOSDC	34	405
BGG_KOSDC	35	349
BGG_KOSDC	36	324
BGG_KOSDC	37	296
BGG_KOSDC	38	284
BGG_KOSDC	39	292
BGG_KOSDC	40	304
BGG_KOSDC	41	249
BGG_KOSDC	42	259
BGG_KOSDC	43	246
BGG_KOSDC	44	272
BGG_KOSDC	45	246
BGG_KOSDC	46	214
BGG_KOSDC	47	254
BGG_KOSDC	48	245
BGG_KOSDC	49	236
BGG_KOSDC	50	244
BGG_KOSDC	51	284
BGG_KOSDC	52	300
BGG_KOSDC	53	353
BGG_KOSDC	54	431
BGG_KOSDC	55	490
BGG_KOSDC	56	653
BGG_KOSDC	57	802
BGG_KOSDC	58	1278
BGG_KOSDC	59	1750
BGG_KOSDC	60	1777
BGG_KOSDC	61	1863
BGG_KOSDC	62	1726
BGG_KOSDC	63	1798
BGG_KOSDC	64	1864
BGG_KOSDC	65	1915
BGG_KOSDC	66	1934
BGG_KOSDC	67	2037
BGG_KOSDC	68	2167
BGG_KOSDC	69	2304
BGG_KOSDC	70	2549
BGG_KOSDC	71	2498
BGG_KOSDC	72	2633
BGG_KOSDC	73	2730
BGG_KOSDC	74	2778
BGG_KOSDC	75	2864
BGG_KOSDC	76	2978
BGG_KOSDC	77	3052
BGG_KOSDC	78	3220
BGG_KOSDC	79	3372
BGG_KOSDC	80	3539
BGG_KOSDC	81	3652
BGG_KOSDC	82	3869
BGG_KOSDC	83	4181
BGG_KOSDC	84	4346
BGG_KOSDC	85	4767
BGG_KOSDC	86	5164
BGG_KOSDC	87	5347
BGG_KOSDC	88	5835
BGG_KOSDC	89	6194
BGG_KOSDC	90	6848
BGG_KOSDC	91	7072
BGG_KOSDC	92	7866
BGG_KOSDC	93	8381
BGG_KOSDC	94	9057
BGG_KOSDC	95	10059
BGG_KOSDC	96	10695
BGG_KOSDC	97	11661
BGG_KOSDC	98	12770
BGG_KOSDC	99	13852
BGG_KOSDC	100	14952
BGG_KOSDC	101	16348
BGG_KOSDC	102	17651
BGG_KOSDC	103	19084
BGG_KOSDC	104	20594
BGG_KOSDC	105	22431
BGG_KOSDC	106	24323
BGG_KOSDC	107	26123
BGG_KOSDC	108	27867
BGG_KOSDC	109	30785
BGG_KOSDC	110	32322
BGG_KOSDC	111	35088
BGG_KOSDC	112	36532
BGG_KOSDC	113	38917
BGG_KOSDC	114	41764
BGG_KOSDC	115	44332
BGG_KOSDC	116	47079
BGG_KOSDC	117	50156
BGG_KOSDC	118	53513
BGG_KOSDC	119	55893
BGG_KOSDC	120	58532
BGG_KOSDC	121	61172
BGG_KOSDC	122	64498
BGG_KOSDC	123	67208
BGG_KOSDC	124	70550
BGG_KOSDC	125	72876
BGG_KOSDC	126	75686
BGG_KOSDC	127	79055
BGG_KOSDC	128	81957
BGG_KOSDC	129	84246
BGG_KOSDC	130	86935
BGG_KOSDC	131	89260
BGG_KOSDC	132	92074
BGG_KOSDC	133	94702
BGG_KOSDC	134	97384
BGG_KOSDC	135	99793
BGG_KOSDC	136	101983
BGG_KOSDC	137	104094
BGG_KOSDC	138	107606
BGG_KOSDC	139	109129
BGG_KOSDC	140	110819
BGG_KOSDC	141	112522
BGG_KOSDC	142	113494
BGG_KOSDC	143	116438
BGG_KOSDC	144	118037
BGG_KOSDC	145	118799
BGG_KOSDC	146	121331
BGG_KOSDC	147	122594
BGG_KOSDC	148	124544
BGG_KOSDC	149	126233
BGG_KOSDC	150	129786
BGG_KOSDC	151	119405
BGG_KOSDC	152	130144
BGG_KOSDC	153	130993
BGG_KOSDC	154	133023
BGG_KOSDC	155	133504
BGG_KOSDC	156	134675
BGG_KOSDC	157	136316
BGG_KOSDC	158	137715
BGG_KOSDC	159	137760
BGG_KOSDC	160	139432
BGG_KOSDC	161	139564
BGG_KOSDC	162	141308
BGG_KOSDC	163	141567
BGG_KOSDC	164	142359
BGG_KOSDC	165	144540
BGG_KOSDC	166	144313
BGG_KOSDC	167	145766
BGG_KOSDC	168	146982
BGG_KOSDC	169	147452
BGG_KOSDC	170	148446
BGG_KOSDC	171	149444
BGG_KOSDC	172	149262
BGG_KOSDC	173	150469
BGG_KOSDC	174	151286
BGG_KOSDC	175	151541
BGG_KOSDC	176	152291
BGG_KOSDC	177	153595
BGG_KOSDC	178	154411
BGG_KOSDC	179	155539
BGG_KOSDC	180	156024
BGG_KOSDC	181	156393
BGG_KOSDC	182	158019
BGG_KOSDC	183	158579
BGG_KOSDC	184	158949
BGG_KOSDC	185	159387
BGG_KOSDC	186	159574
BGG_KOSDC	187	160991
BGG_KOSDC	188	161454
BGG_KOSDC	189	161960
BGG_KOSDC	190	162983
BGG_KOSDC	191	163434
BGG_KOSDC	192	164066
BGG_KOSDC	193	164850
BGG_KOSDC	194	164544
BGG_KOSDC	195	166222
BGG_KOSDC	196	166249
BGG_KOSDC	197	166482
BGG_KOSDC	198	168248
BGG_KOSDC	199	169049
BGG_KOSDC	200	169304
BGG_KOSDC	201	169817
BGG_KOSDC	202	171684
BGG_KOSDC	203	171220
BGG_KOSDC	204	171981
BGG_KOSDC	205	172117
BGG_KOSDC	206	172411
BGG_KOSDC	207	173831
BGG_KOSDC	208	173921
BGG_KOSDC	209	175685
BGG_KOSDC	210	176364
BGG_KOSDC	211	176502
BGG_KOSDC	212	177299
BGG_KOSDC	213	179061
BGG_KOSDC	214	179229
BGG_KOSDC	215	179935
BGG_KOSDC	216	180137
BGG_KOSDC	217	181324
BGG_KOSDC	218	182136
BGG_KOSDC	219	181904
BGG_KOSDC	220	184145
BGG_KOSDC	221	185963
BGG_KOSDC	222	186793
BGG_KOSDC	223	187775
BGG_KOSDC	224	187704
BGG_KOSDC	225	189158
BGG_KOSDC	226	190074
BGG_KOSDC	227	190895
BGG_KOSDC	228	191382
BGG_KOSDC	229	192759
BGG_KOSDC	230	193676
BGG_KOSDC	231	195451
BGG_KOSDC	232	196616
BGG_KOSDC	233	197230
BGG_KOSDC	234	198644
BGG_KOSDC	235	199815
BGG_KOSDC	236	200756
BGG_KOSDC	237	202113
BGG_KOSDC	238	202700
BGG_KOSDC	239	204208
BGG_KOSDC	240	204451
BGG_KOSDC	241	206644
BGG_KOSDC	242	207407
BGG_KOSDC	243	209655
BGG_KOSDC	244	210784
BGG_KOSDC	245	211453
BGG_KOSDC	246	212898
BGG_KOSDC	247	213749
BGG_KOSDC	248	214994
BGG_KOSDC	249	215789
BGG_KOSDC	250	217241
BGG_KOSDC	251	218422
BGG_KOSDC	252	220178
BGG_KOSDC	253	221759
BGG_KOSDC	254	224262
BGG_KOSDC	255	225753
BGG_KOSDC	256	226274
BGG_KOSDC	257	227783
BGG_KOSDC	258	229413
BGG_KOSDC	259	230083
BGG_KOSDC	260	231746
BGG_KOSDC	261	233020
BGG_KOSDC	262	234135
BGG_KOSDC	263	235667
BGG_KOSDC	264	238088
BGG_KOSDC	265	239066
BGG_KOSDC	266	241605
BGG_KOSDC	267	242911
BGG_KOSDC	268	243917
BGG_KOSDC	269	245284
BGG_KOSDC	270	247977
BGG_KOSDC	271	248769
BGG_KOSDC	272	249647
BGG_KOSDC	273	252067
BGG_KOSDC	274	253609
BGG_KOSDC	275	256245
BGG_KOSDC	276	257423
BGG_KOSDC	277	259106
BGG_KOSDC	278	259937
BGG_KOSDC	279	260312
BGG_KOSDC	280	262057
BGG_KOSDC	281	263843
BGG_KOSDC	282	265177
BGG_KOSDC	283	264961
BGG_KOSDC	284	267596
BGG_KOSDC	285	269861
BGG_KOSDC	286	268122
BGG_KOSDC	287	267788
BGG_KOSDC	288	258698
BGG_KOSDC	289	235429
BGG_KOSDC	290	171876
BGG_KOSDC	291	0
BGG_KOSDC	292	0
BGG_KOSDC	293	0
BGG_KOSDC	294	0
BGG_KOSDC	295	0
BGG_KOSDC	296	0
BGG_KOSDC	297	0
BGG_KOSDC	298	0
BGG_KOSDC	299	0
BGG_KOSDC	300	0
BGG_KOSDC	301	0
BGG_KOSDC	302	0
BGG_KOSDC	303	0
BGG_KOSDC	304	0
BGG_KOSDC	305	0
BGG_KOSDC	306	0
BGG_KOSDC	307	0
BGG_KOSDC	308	0
BGG_KOSDC	309	0
BGG_KOSDC	310	0
BGG_KOSDC	311	0
BGG_KOSDC	312	0
BGG_KOSDC	313	0
BGG_KOSDC	314	0
BGG_KOSDC	315	0
BGG_KOSDC	316	0
BGG_KOSDC	317	0
BGG_KOSDC	318	0
BGG_KOSDC	319	0
BGG_KOSDC	320	0
BGG_KOSDC	321	0
BGG_KOSDC	322	0
BGG_KOSDC	323	0
BGG_KOSDC	324	0
BGG_KOSDC	325	0
BGG_KOSDC	326	0
BGG_KOSDC	327	0
BGG_KOSDC	328	0
BGG_KOSDC	329	0
BGG_KOSDC	330	0
BGG_KOSDC	331	0
BGG_KOSDC	332	0
BGG_KOSDC	333	0
BGG_KOSDC	334	0
BGG_KOSDC	335	0
BGG_KOSDC	336	0
BGG_KOSDC	337	0
BGG_KOSDC	338	0
BGG_KOSDC	339	0
BGG_KOSDC	340	0
BGG_KOSDC	341	0
BGG_KOSDC	342	0
BGG_KOSDC	343	0
BGG_KOSDC	344	0
BGG_KOSDC	345	0
BGG_KOSDC	346	0
BGG_KOSDC	347	0
BGG_KOSDC	348	0
BGG_KOSDC	349	0
BGG_KOSDC	350	0
BGG_KOSDC	351	0
BGG_KOSDC	352	0
BGG_KOSDC	353	0
BGG_KOSDC	354	0
BGG_KOSDC	355	0
BGG_KOSDC	356	0
BGG_KOSDC	357	0
BGG_KOSDC	358	0
BGG_KOSDC	359	0
BGG_KOSDC	360	0
BGG_KOSDC	361	0
BGG_KOSDC	362	0
BGG_KOSDC	363	0
BGG_KOSDC	364	0
BGG_KOSDC	365	0
BGG_KOSDC	366	0
BGG_KOSDC	367	0
BGG_KOSDC	368	0
BGG_KOSDC	369	0
BGG_KOSDC	370	0
BGG_KOSDC	371	0
BGG_KOSDC	372	0
BGG_KOSDC	373	0
BGG_KOSDC	374	0
BGG_KOSDC	375	0
BGG_KOSDC	376	0
BGG_KOSDC	377	0
BGG_KOSDC	378	0
BGG_KOSDC	379	0
BGG_KOSDC	380	0
BGG_KOSDC	381	0
BGG_KOSDC	382	0
BGG_KOSDC	383	0
BGG_KOSDC	384	0
BGG_KOSDC	385	0
BGG_KOSDC	386	0
BGG_KOSDC	387	0
BGG_KOSDC	388	0
BGG_KOSDC	389	0
BGG_KOSDC	390	0
BGG_KOSDC	391	0
BGG_KOSDC	392	0
BGG_KOSDC	393	0
BGG_KOSDC	394	0
BGG_KOSDC	395	0
BGG_KOSDC	396	0
BGG_KOSDC	397	0
BGG_KOSDC	398	0
BGG_KOSDC	399	0
BGG_KOSDC	400	0
BGG_KOSDC	401	0
BGG_KOSDC	402	0
BGG_KOSDC	403	0
BGG_KOSDC	404	0
BGG_KOSDC	405	0
BGG_KOSDC	406	0
BGG_KOSDC	407	0
BGG_KOSDC	408	0
BGG_KOSDC	409	0
BGG_KOSDC	410	0
BGG_KOSDC	411	0
BGG_KOSDC	412	0
BGG_KOSDC	413	0
BGG_KOSDC	414	0
BGG_KOSDC	415	0
BGG_KOSDC	416	0
BGG_KOSDC	417	0
BGG_KOSDC	418	0
BGG_KOSDC	419	0
BGG_KOSDC	420	0
BGG_KOSDC	421	0
BGG_KOSDC	422	0
BGG_KOSDC	423	0
BGG_KOSDC	424	0
BGG_KOSDC	425	0
BGG_KOSDC	426	0
BGG_KOSDC	427	0
BGG_KOSDC	428	0
BGG_KOSDC	429	0
BGG_KOSDC	430	0
BGG_KOSDC	431	0
BGG_KOSDC	432	0
BGG_KOSDC	433	0
BGG_KOSDC	434	0
BGG_KOSDC	435	0
BGG_KOSDC	436	0
BGG_KOSDC	437	0
BGG_KOSDC	438	0
BGG_KOSDC	439	0
BGG_KOSDC	440	0
BGG_KOSDC	441	0
BGG_KOSDC	442	0
BGG_KOSDC	443	0
BGG_KOSDC	444	0
BGG_KOSDC	445	0
BGG_KOSDC	446	0
BGG_KOSDC	447	0
BGG_KOSDC	448	0
BGG_KOSDC	449	0
BGG_KOSDC	450	0
BGG_KOSDC	451	0
BGG_KOSDC	452	0
BGG_KOSDC	453	0
BGG_KOSDC	454	0
BGG_KOSDC	455	0
BGG_KOSDC	456	0
BGG_KOSDC	457	0
BGG_KOSDC	458	0
BGG_KOSDC	459	0
BGG_KOSDC	460	0
BGG_KOSDC	461	0
BGG_KOSDC	462	0
BGG_KOSDC	463	0
BGG_KOSDC	464	0
BGG_KOSDC	465	0
BGG_KOSDC	466	0
BGG_KOSDC	467	0
BGG_KOSDC	468	0
BGG_KOSDC	469	0
BGG_KOSDC	470	0
BGG_KOSDC	471	0
BGG_KOSDC	472	0
BGG_KOSDC	473	0
BGG_KOSDC	474	0
BGG_KOSDC	475	0
BGG_KOSDC	476	0
BGG_KOSDC	477	0
BGG_KOSDC	478	0
BGG_KOSDC	479	0
BGG_KOSDC	480	0
BGG_KOSDC	481	0
BGG_KOSDC	482	0
BGG_KOSDC	483	0
BGG_KOSDC	484	0
BGG_KOSDC	485	0
BGG_KOSDC	486	0
BGG_KOSDC	487	0
BGG_KOSDC	488	0
BGG_KOSDC	489	0
BGG_KOSDC	490	0
BGG_KOSDC	491	0
BGG_KOSDC	492	0
BGG_KOSDC	493	0
BGG_KOSDC	494	0
BGG_KOSDC	495	0
BGG_KOSDC	496	0
BGG_KOSDC	497	0
BGG_KOSDC	498	0
BGG_KOSDC	499	0
BGG_KOSDC	500	0
BGG_KOSDC	501	0
BGG_KOSDC	502	0
BGG_KOSDC	503	0
BGG_KOSDC	504	0
BGG_KOSDC	505	0
BGG_KOSDC	506	0
BGG_KOSDC	507	0
BGG_KOSDC	508	0
BGG_KOSDC	509	0
BGG_KOSDC	510	0
BGG_KOSDC	511	0
BGG_KOSDC	512	64470831
BGG_LOSDA	0	0
BGG_LOSDA	1	0
BGG_LOSDA	2	0
BGG_LOSDA	3	0
BGG_LOSDA	4	0
BGG_LOSDA	5	0
BGG_LOSDA	6	0
BGG_LOSDA	7	0
BGG_LOSDA	8	0
BGG_LOSDA	9	0
BGG_LOSDA	10	0
BGG_LOSDA	11	0
BGG_LOSDA	12	28059
BGG_LOSDA	13	3793
BGG_LOSDA	14	8772
BGG_LOSDA	15	10861
BGG_LOSDA	16	4597
BGG_LOSDA	17	3733
BGG_LOSDA	18	1609
BGG_LOSDA	19	1289
BGG_LOSDA	20	4156
BGG_LOSDA	21	872
BGG_LOSDA	22	1669
BGG_LOSDA	23	487
BGG_LOSDA	24	850
BGG_LOSDA	25	961
BGG_LOSDA	26	637
BGG_LOSDA	27	570
BGG_LOSDA	28	468
BGG_LOSDA	29	444
BGG_LOSDA	30	423
BGG_LOSDA	31	389
BGG_LOSDA	32	387
BGG_LOSDA	33	445
BGG_LOSDA	34	433
BGG_LOSDA	35	494
BGG_LOSDA	36	556
BGG_LOSDA	37	600
BGG_LOSDA	38	747
BGG_LOSDA	39	869
BGG_LOSDA	40	1082
BGG_LOSDA	41	1297
BGG_LOSDA	42	1527
BGG_LOSDA	43	1945
BGG_LOSDA	44	2250
BGG_LOSDA	45	2754
BGG_LOSDA	46	3480
BGG_LOSDA	47	4054
BGG_LOSDA	48	4070
BGG_LOSDA	49	4079
BGG_LOSDA	50	4223
BGG_LOSDA	51	4529
BGG_LOSDA	52	4603
BGG_LOSDA	53	4699
BGG_LOSDA	54	4736
BGG_LOSDA	55	4744
BGG_LOSDA	56	4896
BGG_LOSDA	57	5192
BGG_LOSDA	58	5248
BGG_LOSDA	59	5443
BGG_LOSDA	60	5644
BGG_LOSDA	61	5793
BGG_LOSDA	62	5964
BGG_LOSDA	63	6414
BGG_LOSDA	64	6526
BGG_LOSDA	65	6614
BGG_LOSDA	66	7112
BGG_LOSDA	67	7334
BGG_LOSDA	68	7518
BGG_LOSDA	69	7948
BGG_LOSDA	70	8454
BGG_LOSDA	71	8733
BGG_LOSDA	72	9188
BGG_LOSDA	73	9150
BGG_LOSDA	74	9743
BGG_LOSDA	75	10536
BGG_LOSDA	76	10760
BGG_LOSDA	77	11319
BGG_LOSDA	78	12008
BGG_LOSDA	79	12520
BGG_LOSDA	80	12904
BGG_LOSDA	81	13591
BGG_LOSDA	82	14317
BGG_LOSDA	83	15299
BGG_LOSDA	84	16312
BGG_LOSDA	85	17598
BGG_LOSDA	86	18327
BGG_LOSDA	87	19747
BGG_LOSDA	88	20717
BGG_LOSDA	89	22481
BGG_LOSDA	90	23804
BGG_LOSDA	91	25715
BGG_LOSDA	92	27343
BGG_LOSDA	93	29317
BGG_LOSDA	94	31035
BGG_LOSDA	95	33619
BGG_LOSDA	96	36915
BGG_LOSDA	97	39764
BGG_LOSDA	98	42798
BGG_LOSDA	99	46157
BGG_LOSDA	100	49802
BGG_LOSDA	101	52612
BGG_LOSDA	102	57420
BGG_LOSDA	103	60874
BGG_LOSDA	104	65979
BGG_LOSDA	105	70648
BGG_LOSDA	106	76484
BGG_LOSDA	107	83091
BGG_LOSDA	108	90123
BGG_LOSDA	109	95583
BGG_LOSDA	110	102536
BGG_LOSDA	111	108286
BGG_LOSDA	112	115657
BGG_LOSDA	113	121721
BGG_LOSDA	114	129609
BGG_LOSDA	115	137841
BGG_LOSDA	116	146968
BGG_LOSDA	117	157684
BGG_LOSDA	118	166412
BGG_LOSDA	119	176046
BGG_LOSDA	120	185129
BGG_LOSDA	121	194403
BGG_LOSDA	122	201454
BGG_LOSDA	123	211251
BGG_LOSDA	124	219581
BGG_LOSDA	125	229946
BGG_LOSDA	126	240955
BGG_LOSDA	127	251914
BGG_LOSDA	128	261951
BGG_LOSDA	129	273638
BGG_LOSDA	130	282734
BGG_LOSDA	131	291265
BGG_LOSDA	132	300627
BGG_LOSDA	133	308233
BGG_LOSDA	134	316721
BGG_LOSDA	135	326538
BGG_LOSDA	136	336136
BGG_LOSDA	137	345635
BGG_LOSDA	138	357621
BGG_LOSDA	139	365539
BGG_LOSDA	140	375545
BGG_LOSDA	141	383807
BGG_LOSDA	142	389831
BGG_LOSDA	143	397611
BGG_LOSDA	144	405249
BGG_LOSDA	145	410626
BGG_LOSDA	146	420655
BGG_LOSDA	147	424954
BGG_LOSDA	148	432343
BGG_LOSDA	149	441182
BGG_LOSDA	150	456096
BGG_LOSDA	151	433205
BGG_LOSDA	152	463701
BGG_LOSDA	153	469106
BGG_LOSDA	154	472498
BGG_LOSDA	155	479721
BGG_LOSDA	156	484588
BGG_LOSDA	157	489243
BGG_LOSDA	158	494780
BGG_LOSDA	159	501087
BGG_LOSDA	160	504858
BGG_LOSDA	161	511873
BGG_LOSDA	162	515289
BGG_LOSDA	163	518718
BGG_LOSDA	164	522212
BGG_LOSDA	165	525149
BGG_LOSDA	166	528204
BGG_LOSDA	167	530337
BGG_LOSDA	168	537208
BGG_LOSDA	169	539613
BGG_LOSDA	170	543773
BGG_LOSDA	171	547406
BGG_LOSDA	172	549394
BGG_LOSDA	173	551671
BGG_LOSDA	174	553280
BGG_LOSDA	175	555119
BGG_LOSDA	176	557611
BGG_LOSDA	177	558571
BGG_LOSDA	178	559305
BGG_LOSDA	179	562179
BGG_LOSDA	180	566600
BGG_LOSDA	181	567943
BGG_LOSDA	182	568029
BGG_LOSDA	183	571150
BGG_LOSDA	184	567988
BGG_LOSDA	185	569188
BGG_LOSDA	186	569060
BGG_LOSDA	187	570328
BGG_LOSDA	188	569592
BGG_LOSDA	189	571520
BGG_LOSDA	190	572140
BGG_LOSDA	191	570657
BGG_LOSDA	192	570610
BGG_LOSDA	193	571136
BGG_LOSDA	194	570592
BGG_LOSDA	195	569474
BGG_LOSDA	196	567072
BGG_LOSDA	197	565881
BGG_LOSDA	198	567048
BGG_LOSDA	199	565736
BGG_LOSDA	200	564029
BGG_LOSDA	201	563035
BGG_LOSDA	202	561044
BGG_LOSDA	203	559592
BGG_LOSDA	204	559213
BGG_LOSDA	205	555698
BGG_LOSDA	206	552608
BGG_LOSDA	207	552016
BGG_LOSDA	208	548460
BGG_LOSDA	209	545958
BGG_LOSDA	210	545460
BGG_LOSDA	211	543784
BGG_LOSDA	212	541402
BGG_LOSDA	213	540038
BGG_LOSDA	214	537330
BGG_LOSDA	215	534025
BGG_LOSDA	216	531356
BGG_LOSDA	217	527404
BGG_LOSDA	218	524434
BGG_LOSDA	219	523562
BGG_LOSDA	220	520433
BGG_LOSDA	221	517182
BGG_LOSDA	222	515398
BGG_LOSDA	223	510485
BGG_LOSDA	224	509656
BGG_LOSDA	225	505220
BGG_LOSDA	226	501368
BGG_LOSDA	227	497576
BGG_LOSDA	228	498115
BGG_LOSDA	229	491628
BGG_LOSDA	230	491010
BGG_LOSDA	231	486506
BGG_LOSDA	232	482175
BGG_LOSDA	233	478761
BGG_LOSDA	234	477533
BGG_LOSDA	235	472761
BGG_LOSDA	236	470699
BGG_LOSDA	237	465399
BGG_LOSDA	238	460622
BGG_LOSDA	239	459422
BGG_LOSDA	240	454938
BGG_LOSDA	241	450477
BGG_LOSDA	242	447341
BGG_LOSDA	243	446557
BGG_LOSDA	244	440575
BGG_LOSDA	245	438089
BGG_LOSDA	246	435161
BGG_LOSDA	247	431267
BGG_LOSDA	248	427042
BGG_LOSDA	249	423068
BGG_LOSDA	250	418955
BGG_LOSDA	251	418832
BGG_LOSDA	252	414281
BGG_LOSDA	253	410996
BGG_LOSDA	254	407753
BGG_LOSDA	255	405087
BGG_LOSDA	256	400788
BGG_LOSDA	257	397935
BGG_LOSDA	258	394053
BGG_LOSDA	259	390805
BGG_LOSDA	260	387250
BGG_LOSDA	261	384313
BGG_LOSDA	262	381112
BGG_LOSDA	263	377425
BGG_LOSDA	264	374028
BGG_LOSDA	265	370259
BGG_LOSDA	266	368238
BGG_LOSDA	267	364831
BGG_LOSDA	268	362504
BGG_LOSDA	269	358640
BGG_LOSDA	270	356380
BGG_LOSDA	271	352299
BGG_LOSDA	272	350097
BGG_LOSDA	273	346961
BGG_LOSDA	274	342572
BGG_LOSDA	275	339683
BGG_LOSDA	276	337304
BGG_LOSDA	277	332482
BGG_LOSDA	278	329566
BGG_LOSDA	279	326581
BGG_LOSDA	280	322832
BGG_LOSDA	281	319327
BGG_LOSDA	282	317068
BGG_LOSDA	283	312647
BGG_LOSDA	284	309009
BGG_LOSDA	285	305233
BGG_LOSDA	286	300361
BGG_LOSDA	287	292222
BGG_LOSDA	288	284600
BGG_LOSDA	289	267228
BGG_LOSDA	290	209017
BGG_LOSDA	291	0
BGG_LOSDA	292	0
BGG_LOSDA	293	0
BGG_LOSDA	294	0
BGG_LOSDA	295	0
BGG_LOSDA	296	0
BGG_LOSDA	297	0
BGG_LOSDA	298	0
BGG_LOSDA	299	0
BGG_LOSDA	300	0
BGG_LOSDA	301	0
BGG_LOSDA	302	0
BGG_LOSDA	303	0
BGG_LOSDA	304	0
BGG_LOSDA	305	0
BGG_LOSDA	306	0
BGG_LOSDA	307	0
BGG_LOSDA	308	0
BGG_LOSDA	309	0
BGG_LOSDA	310	0
BGG_LOSDA	311	0
BGG_LOSDA	312	0
BGG_LOSDA	313	0
BGG_LOSDA	314	0
BGG_LOSDA	315	0
BGG_LOSDA	316	0
BGG_LOSDA	317	0
BGG_LOSDA	318	0
BGG_LOSDA	319	0
BGG_LOSDA	320	0
BGG_LOSDA	321	0
BGG_LOSDA	322	0
BGG_LOSDA	323	0
BGG_LOSDA	324	0
BGG_LOSDA	325	0
BGG_LOSDA	326	0
BGG_LOSDA	327	0
BGG_LOSDA	328	0
BGG_LOSDA	329	0
BGG_LOSDA	330	0
BGG_LOSDA	331	0
BGG_LOSDA	332	0
BGG_LOSDA	333	0
BGG_LOSDA	334	0
BGG_LOSDA	335	0
BGG_LOSDA	336	0
BGG_LOSDA	337	0
BGG_LOSDA	338	0
BGG_LOSDA	339	0
BGG_LOSDA	340	0
BGG_LOSDA	341	0
BGG_LOSDA	342	0
BGG_LOSDA	343	0
BGG_LOSDA	344	0
BGG_LOSDA	345	0
BGG_LOSDA	346	0
BGG_LOSDA	347	0
BGG_LOSDA	348	0
BGG_LOSDA	349	0
BGG_LOSDA	350	0
BGG_LOSDA	351	0
BGG_LOSDA	352	0
BGG_LOSDA	353	0
BGG_LOSDA	354	0
BGG_LOSDA	355	0
BGG_LOSDA	356	0
BGG_LOSDA	357	0
BGG_LOSDA	358	0
BGG_LOSDA	359	0
BGG_LOSDA	360	0
BGG_LOSDA	361	0
BGG_LOSDA	362	0
BGG_LOSDA	363	0
BGG_LOSDA	364	0
BGG_LOSDA	365	0
BGG_LOSDA	366	0
BGG_LOSDA	367	0
BGG_LOSDA	368	0
BGG_LOSDA	369	0
BGG_LOSDA	370	0
BGG_LOSDA	371	0
BGG_LOSDA	372	0
BGG_LOSDA	373	0
BGG_LOSDA	374	0
BGG_LOSDA	375	0
BGG_LOSDA	376	0
BGG_LOSDA	377	0
BGG_LOSDA	378	0
BGG_LOSDA	379	0
BGG_LOSDA	380	0
BGG_LOSDA	381	0
BGG_LOSDA	382	0
BGG_LOSDA	383	0
BGG_LOSDA	384	0
BGG_LOSDA	385	0
BGG_LOSDA	386	0
BGG_LOSDA	387	0
BGG_LOSDA	388	0
BGG_LOSDA	389	0
BGG_LOSDA	390	0
BGG_LOSDA	391	0
BGG_LOSDA	392	0
BGG_LOSDA	393	0
BGG_LOSDA	394	0
BGG_LOSDA	395	0
BGG_LOSDA	396	0
BGG_LOSDA	397	0
BGG_LOSDA	398	0
BGG_LOSDA	399	0
BGG_LOSDA	400	0
BGG_LOSDA	401	0
BGG_LOSDA	402	0
BGG_LOSDA	403	0
BGG_LOSDA	404	0
BGG_LOSDA	405	0
BGG_LOSDA	406	0
BGG_LOSDA	407	0
BGG_LOSDA	408	0
BGG_LOSDA	409	0
BGG_LOSDA	410	0
BGG_LOSDA	411	0
BGG_LOSDA	412	0
BGG_LOSDA	413	0
BGG_LOSDA	414	0
BGG_LOSDA	415	0
BGG_LOSDA	416	0
BGG_LOSDA	417	0
BGG_LOSDA	418	0
BGG_LOSDA	419	0
BGG_LOSDA	420	0
BGG_LOSDA	421	0
BGG_LOSDA	422	0
BGG_LOSDA	423	0
BGG_LOSDA	424	0
BGG_LOSDA	425	0
BGG_LOSDA	426	0
BGG_LOSDA	427	0
BGG_LOSDA	428	0
BGG_LOSDA	429	0
BGG_LOSDA	430	0
BGG_LOSDA	431	0
BGG_LOSDA	432	0
BGG_LOSDA	433	0
BGG_LOSDA	434	0
BGG_LOSDA	435	0
BGG_LOSDA	436	0
BGG_LOSDA	437	0
BGG_LOSDA	438	0
BGG_LOSDA	439	0
BGG_LOSDA	440	0
BGG_LOSDA	441	0
BGG_LOSDA	442	0
BGG_LOSDA	443	0
BGG_LOSDA	444	0
BGG_LOSDA	445	0
BGG_LOSDA	446	0
BGG_LOSDA	447	0
BGG_LOSDA	448	0
BGG_LOSDA	449	0
BGG_LOSDA	450	0
BGG_LOSDA	451	0
BGG_LOSDA	452	0
BGG_LOSDA	453	0
BGG_LOSDA	454	0
BGG_LOSDA	455	0
BGG_LOSDA	456	0
BGG_LOSDA	457	0
BGG_LOSDA	458	0
BGG_LOSDA	459	0
BGG_LOSDA	460	0
BGG_LOSDA	461	0
BGG_LOSDA	462	0
BGG_LOSDA	463	0
BGG_LOSDA	464	0
BGG_LOSDA	465	0
BGG_LOSDA	466	0
BGG_LOSDA	467	0
BGG_LOSDA	468	0
BGG_LOSDA	469	0
BGG_LOSDA	470	0
BGG_LOSDA	471	0
BGG_LOSDA	472	0
BGG_LOSDA	473	0
BGG_LOSDA	474	0
BGG_LOSDA	475	0
BGG_LOSDA	476	0
BGG_LOSDA	477	0
BGG_LOSDA	478	0
BGG_LOSDA	479	0
BGG_LOSDA	480	0
BGG_LOSDA	481	0
BGG_LOSDA	482	0
BGG_LOSDA	483	0
BGG_LOSDA	484	0
BGG_LOSDA	485	0
BGG_LOSDA	486	0
BGG_LOSDA	487	0
BGG_LOSDA	488	0
BGG_LOSDA	489	0
BGG_LOSDA	490	0
BGG_LOSDA	491	0
BGG_LOSDA	492	0
BGG_LOSDA	493	0
BGG_LOSDA	494	0
BGG_LOSDA	495	0
BGG_LOSDA	496	0
BGG_LOSDA	497	0
BGG_LOSDA	498	0
BGG_LOSDA	499	0
BGG_LOSDA	500	0
BGG_LOSDA	501	0
BGG_LOSDA	502	0
BGG_LOSDA	503	0
BGG_LOSDA	504	0
BGG_LOSDA	505	0
BGG_LOSDA	506	0
BGG_LOSDA	507	0
BGG_LOSDA	508	0
BGG_LOSDA	509	0
BGG_LOSDA	510	0
BGG_LOSDA	511	0
BGG_LOSDA	512	29045486
BGG_MOSDA	0	0
BGG_MOSDA	1	0
BGG_MOSDA	2	0
BGG_MOSDA	3	0
BGG_MOSDA	4	0
BGG_MOSDA	5	0
BGG_MOSDA	6	0
BGG_MOSDA	7	0
BGG_MOSDA	8	0
BGG_MOSDA	9	0
BGG_MOSDA	10	0
BGG_MOSDA	11	0
BGG_MOSDA	12	14709
BGG_MOSDA	13	3807
BGG_MOSDA	14	3765
BGG_MOSDA	15	6378
BGG_MOSDA	16	2969
BGG_MOSDA	17	1841
BGG_MOSDA	18	1102
BGG_MOSDA	19	836
BGG_MOSDA	20	1889
BGG_MOSDA	21	938
BGG_MOSDA	22	1072
BGG_MOSDA	23	645
BGG_MOSDA	24	659
BGG_MOSDA	25	949
BGG_MOSDA	26	873
BGG_MOSDA	27	756
BGG_MOSDA	28	755
BGG_MOSDA	29	733
BGG_MOSDA	30	772
BGG_MOSDA	31	701
BGG_MOSDA	32	630
BGG_MOSDA	33	626
BGG_MOSDA	34	603
BGG_MOSDA	35	514
BGG_MOSDA	36	590
BGG_MOSDA	37	598
BGG_MOSDA	38	664
BGG_MOSDA	39	714
BGG_MOSDA	40	1016
BGG_MOSDA	41	1289
BGG_MOSDA	42	1526
BGG_MOSDA	43	1874
BGG_MOSDA	44	2480
BGG_MOSDA	45	3248
BGG_MOSDA	46	4298
BGG_MOSDA	47	4916
BGG_MOSDA	48	4914
BGG_MOSDA	49	5027
BGG_MOSDA	50	5158
BGG_MOSDA	51	5147
BGG_MOSDA	52	5189
BGG_MOSDA	53	5517
BGG_MOSDA	54	5418
BGG_MOSDA	55	5435
BGG_MOSDA	56	5693
BGG_MOSDA	57	5626
BGG_MOSDA	58	5727
BGG_MOSDA	59	5763
BGG_MOSDA	60	5866
BGG_MOSDA	61	6038
BGG_MOSDA	62	6190
BGG_MOSDA	63	6319
BGG_MOSDA	64	6206
BGG_MOSDA	65	6449
BGG_MOSDA	66	6499
BGG_MOSDA	67	6620
BGG_MOSDA	68	6816
BGG_MOSDA	69	7028
BGG_MOSDA	70	7231
BGG_MOSDA	71	7559
BGG_MOSDA	72	7556
BGG_MOSDA	73	7727
BGG_MOSDA	74	7918
BGG_MOSDA	75	8153
BGG_MOSDA	76	8328
BGG_MOSDA	77	8596
BGG_MOSDA	78	9065
BGG_MOSDA	79	9381
BGG_MOSDA	80	9536
BGG_MOSDA	81	9869
BGG_MOSDA	82	9943
BGG_MOSDA	83	10487
BGG_MOSDA	84	10860
BGG_MOSDA	85	11610
BGG_MOSDA	86	12220
BGG_MOSDA	87	12594
BGG_MOSDA	88	13467
BGG_MOSDA	89	14293
BGG_MOSDA	90	14952
BGG_MOSDA	91	15501
BGG_MOSDA	92	16838
BGG_MOSDA	93	17283
BGG_MOSDA	94	18704
BGG_MOSDA	95	19885
BGG_MOSDA	96	21123
BGG_MOSDA	97	22905
BGG_MOSDA	98	24521
BGG_MOSDA	99	26002
BGG_MOSDA	100	27530
BGG_MOSDA	101	29245
BGG_MOSDA	102	31132
BGG_MOSDA	103	32994
BGG_MOSDA	104	35217
BGG_MOSDA	105	37715
BGG_MOSDA	106	40308
BGG_MOSDA	107	43171
BGG_MOSDA	108	46287
BGG_MOSDA	109	48764
BGG_MOSDA	110	51466
BGG_MOSDA	111	54016
BGG_MOSDA	112	56906
BGG_MOSDA	113	60788
BGG_MOSDA	114	64841
BGG_MOSDA	115	68040
BGG_MOSDA	116	71820
BGG_MOSDA	117	75368
BGG_MOSDA	118	79153
BGG_MOSDA	119	82986
BGG_MOSDA	120	86110
BGG_MOSDA	121	90463
BGG_MOSDA	122	94240
BGG_MOSDA	123	98156
BGG_MOSDA	124	101373
BGG_MOSDA	125	105652
BGG_MOSDA	126	109711
BGG_MOSDA	127	114762
BGG_MOSDA	128	119181
BGG_MOSDA	129	123072
BGG_MOSDA	130	127498
BGG_MOSDA	131	130628
BGG_MOSDA	132	134738
BGG_MOSDA	133	139041
BGG_MOSDA	134	143673
BGG_MOSDA	135	147785
BGG_MOSDA	136	152526
BGG_MOSDA	137	157343
BGG_MOSDA	138	160820
BGG_MOSDA	139	166498
BGG_MOSDA	140	170413
BGG_MOSDA	141	173876
BGG_MOSDA	142	177580
BGG_MOSDA	143	180953
BGG_MOSDA	144	185714
BGG_MOSDA	145	190847
BGG_MOSDA	146	195368
BGG_MOSDA	147	198802
BGG_MOSDA	148	201901
BGG_MOSDA	149	207088
BGG_MOSDA	150	215786
BGG_MOSDA	151	205546
BGG_MOSDA	152	220908
BGG_MOSDA	153	223715
BGG_MOSDA	154	227635
BGG_MOSDA	155	233257
BGG_MOSDA	156	237621
BGG_MOSDA	157	241165
BGG_MOSDA	158	246289
BGG_MOSDA	159	250909
BGG_MOSDA	160	254073
BGG_MOSDA	161	259833
BGG_MOSDA	162	262337
BGG_MOSDA	163	266336
BGG_MOSDA	164	270425
BGG_MOSDA	165	273517
BGG_MOSDA	166	278163
BGG_MOSDA	167	283405
BGG_MOSDA	168	287870
BGG_MOSDA	169	291752
BGG_MOSDA	170	296787
BGG_MOSDA	171	299263
BGG_MOSDA	172	303274
BGG_MOSDA	173	306160
BGG_MOSDA	174	310201
BGG_MOSDA	175	313701
BGG_MOSDA	176	317700
BGG_MOSDA	177	321248
BGG_MOSDA	178	325616
BGG_MOSDA	179	330084
BGG_MOSDA	180	333928
BGG_MOSDA	181	337057
BGG_MOSDA	182	340461
BGG_MOSDA	183	343465
BGG_MOSDA	184	345301
BGG_MOSDA	185	348695
BGG_MOSDA	186	351347
BGG_MOSDA	187	355221
BGG_MOSDA	188	358189
BGG_MOSDA	189	361650
BGG_MOSDA	190	363966
BGG_MOSDA	191	367974
BGG_MOSDA	192	370722
BGG_MOSDA	193	372698
BGG_MOSDA	194	374058
BGG_MOSDA	195	376992
BGG_MOSDA	196	379100
BGG_MOSDA	197	380219
BGG_MOSDA	198	383638
BGG_MOSDA	199	385771
BGG_MOSDA	200	387564
BGG_MOSDA	201	388996
BGG_MOSDA	202	392759
BGG_MOSDA	203	394460
BGG_MOSDA	204	395216
BGG_MOSDA	205	396798
BGG_MOSDA	206	399631
BGG_MOSDA	207	400636
BGG_MOSDA	208	401863
BGG_MOSDA	209	404199
BGG_MOSDA	210	405434
BGG_MOSDA	211	408670
BGG_MOSDA	212	409869
BGG_MOSDA	213	410584
BGG_MOSDA	214	412519
BGG_MOSDA	215	412022
BGG_MOSDA	216	412486
BGG_MOSDA	217	414777
BGG_MOSDA	218	414891
BGG_MOSDA	219	416824
BGG_MOSDA	220	417937
BGG_MOSDA	221	418472
BGG_MOSDA	222	420455
BGG_MOSDA	223	421028
BGG_MOSDA	224	422302
BGG_MOSDA	225	422911
BGG_MOSDA	226	422494
BGG_MOSDA	227	421526
BGG_MOSDA	228	423294
BGG_MOSDA	229	423560
BGG_MOSDA	230	424870
BGG_MOSDA	231	424484
BGG_MOSDA	232	426519
BGG_MOSDA	233	425527
BGG_MOSDA	234	425881
BGG_MOSDA	235	425058
BGG_MOSDA	236	427188
BGG_MOSDA	237	425888
BGG_MOSDA	238	426676
BGG_MOSDA	239	424624
BGG_MOSDA	240	425679
BGG_MOSDA	241	425192
BGG_MOSDA	242	427115
BGG_MOSDA	243	425359
BGG_MOSDA	244	426949
BGG_MOSDA	245	423747
BGG_MOSDA	246	424734
BGG_MOSDA	247	424112
BGG_MOSDA	248	423537
BGG_MOSDA	249	421872
BGG_MOSDA	250	422176
BGG_MOSDA	251	421759
BGG_MOSDA	252	421015
BGG_MOSDA	253	420603
BGG_MOSDA	254	420130
BGG_MOSDA	255	420705
BGG_MOSDA	256	418574
BGG_MOSDA	257	418879
BGG_MOSDA	258	417433
BGG_MOSDA	259	415841
BGG_MOSDA	260	415050
BGG_MOSDA	261	414931
BGG_MOSDA	262	413926
BGG_MOSDA	263	413490
BGG_MOSDA	264	412002
BGG_MOSDA	265	411262
BGG_MOSDA	266	409730
BGG_MOSDA	267	409619
BGG_MOSDA	268	407578
BGG_MOSDA	269	406580
BGG_MOSDA	270	405696
BGG_MOSDA	271	403808
BGG_MOSDA	272	404228
BGG_MOSDA	273	402835
BGG_MOSDA	274	402824
BGG_MOSDA	275	399076
BGG_MOSDA	276	397536
BGG_MOSDA	277	395823
BGG_MOSDA	278	394272
BGG_MOSDA	279	393179
BGG_MOSDA	280	390938
BGG_MOSDA	281	389024
BGG_MOSDA	282	386621
BGG_MOSDA	283	386320
BGG_MOSDA	284	383992
BGG_MOSDA	285	380649
BGG_MOSDA	286	375946
BGG_MOSDA	287	370380
BGG_MOSDA	288	360916
BGG_MOSDA	289	341815
BGG_MOSDA	290	262367
BGG_MOSDA	291	0
BGG_MOSDA	292	0
BGG_MOSDA	293	0
BGG_MOSDA	294	0
BGG_MOSDA	295	0
BGG_MOSDA	296	0
BGG_MOSDA	297	0
BGG_MOSDA	298	0
BGG_MOSDA	299	0
BGG_MOSDA	300	0
BGG_MOSDA	301	0
BGG_MOSDA	302	0
BGG_MOSDA	303	0
BGG_MOSDA	304	0
BGG_MOSDA	305	0
BGG_MOSDA	306	0
BGG_MOSDA	307	0
BGG_MOSDA	308	0
BGG_MOSDA	309	0
BGG_MOSDA	310	0
BGG_MOSDA	311	0
BGG_MOSDA	312	0
BGG_MOSDA	313	0
BGG_MOSDA	314	0
BGG_MOSDA	315	0
BGG_MOSDA	316	0
BGG_MOSDA	317	0
BGG_MOSDA	318	0
BGG_MOSDA	319	0
BGG_MOSDA	320	0
BGG_MOSDA	321	0
BGG_MOSDA	322	0
BGG_MOSDA	323	0
BGG_MOSDA	324	0
BGG_MOSDA	325	0
BGG_MOSDA	326	0
BGG_MOSDA	327	0
BGG_MOSDA	328	0
BGG_MOSDA	329	0
BGG_MOSDA	330	0
BGG_MOSDA	331	0
BGG_MOSDA	332	0
BGG_MOSDA	333	0
BGG_MOSDA	334	0
BGG_MOSDA	335	0
BGG_MOSDA	336	0
BGG_MOSDA	337	0
BGG_MOSDA	338	0
BGG_MOSDA	339	0
BGG_MOSDA	340	0
BGG_MOSDA	341	0
BGG_MOSDA	342	0
BGG_MOSDA	343	0
BGG_MOSDA	344	0
BGG_MOSDA	345	0
BGG_MOSDA	346	0
BGG_MOSDA	347	0
BGG_MOSDA	348	0
BGG_MOSDA	349	0
BGG_MOSDA	350	0
BGG_MOSDA	351	0
BGG_MOSDA	352	0
BGG_MOSDA	353	0
BGG_MOSDA	354	0
BGG_MOSDA	355	0
BGG_MOSDA	356	0
BGG_MOSDA	357	0
BGG_MOSDA	358	0
BGG_MOSDA	359	0
BGG_MOSDA	360	0
BGG_MOSDA	361	0
BGG_MOSDA	362	0
BGG_MOSDA	363	0
BGG_MOSDA	364	0
BGG_MOSDA	365	0
BGG_MOSDA	366	0
BGG_MOSDA	367	0
BGG_MOSDA	368	0
BGG_MOSDA	369	0
BGG_MOSDA	370	0
BGG_MOSDA	371	0
BGG_MOSDA	372	0
BGG_MOSDA	373	0
BGG_MOSDA	374	0
BGG_MOSDA	375	0
BGG_MOSDA	376	0
BGG_MOSDA	377	0
BGG_MOSDA	378	0
BGG_MOSDA	379	0
BGG_MOSDA	380	0
BGG_MOSDA	381	0
BGG_MOSDA	382	0
BGG_MOSDA	383	0
BGG_MOSDA	384	0
BGG_MOSDA	385	0
BGG_MOSDA	386	0
BGG_MOSDA	387	0
BGG_MOSDA	388	0
BGG_MOSDA	389	0
BGG_MOSDA	390	0
BGG_MOSDA	391	0
BGG_MOSDA	392	0
BGG_MOSDA	393	0
BGG_MOSDA	394	0
BGG_MOSDA	395	0
BGG_MOSDA	396	0
BGG_MOSDA	397	0
BGG_MOSDA	398	0
BGG_MOSDA	399	0
BGG_MOSDA	400	0
BGG_MOSDA	401	0
BGG_MOSDA	402	0
BGG_MOSDA	403	0
BGG_MOSDA	404	0
BGG_MOSDA	405	0
BGG_MOSDA	406	0
BGG_MOSDA	407	0
BGG_MOSDA	408	0
BGG_MOSDA	409	0
BGG_MOSDA	410	0
BGG_MOSDA	411	0
BGG_MOSDA	412	0
BGG_MOSDA	413	0
BGG_MOSDA	414	0
BGG_MOSDA	415	0
BGG_MOSDA	416	0
BGG_MOSDA	417	0
BGG_MOSDA	418	0
BGG_MOSDA	419	0
BGG_MOSDA	420	0
BGG_MOSDA	421	0
BGG_MOSDA	422	0
BGG_MOSDA	423	0
BGG_MOSDA	424	0
BGG_MOSDA	425	0
BGG_MOSDA	426	0
BGG_MOSDA	427	0
BGG_MOSDA	428	0
BGG_MOSDA	429	0
BGG_MOSDA	430	0
BGG_MOSDA	431	0
BGG_MOSDA	432	0
BGG_MOSDA	433	0
BGG_MOSDA	434	0
BGG_MOSDA	435	0
BGG_MOSDA	436	0
BGG_MOSDA	437	0
BGG_MOSDA	438	0
BGG_MOSDA	439	0
BGG_MOSDA	440	0
BGG_MOSDA	441	0
BGG_MOSDA	442	0
BGG_MOSDA	443	0
BGG_MOSDA	444	0
BGG_MOSDA	445	0
BGG_MOSDA	446	0
BGG_MOSDA	447	0
BGG_MOSDA	448	0
BGG_MOSDA	449	0
BGG_MOSDA	450	0
BGG_MOSDA	451	0
BGG_MOSDA	452	0
BGG_MOSDA	453	0
BGG_MOSDA	454	0
BGG_MOSDA	455	0
BGG_MOSDA	456	0
BGG_MOSDA	457	0
BGG_MOSDA	458	0
BGG_MOSDA	459	0
BGG_MOSDA	460	0
BGG_MOSDA	461	0
BGG_MOSDA	462	0
BGG_MOSDA	463	0
BGG_MOSDA	464	0
BGG_MOSDA	465	0
BGG_MOSDA	466	0
BGG_MOSDA	467	0
BGG_MOSDA	468	0
BGG_MOSDA	469	0
BGG_MOSDA	470	0
BGG_MOSDA	471	0
BGG_MOSDA	472	0
BGG_MOSDA	473	0
BGG_MOSDA	474	0
BGG_MOSDA	475	0
BGG_MOSDA	476	0
BGG_MOSDA	477	0
BGG_MOSDA	478	0
BGG_MOSDA	479	0
BGG_MOSDA	480	0
BGG_MOSDA	481	0
BGG_MOSDA	482	0
BGG_MOSDA	483	0
BGG_MOSDA	484	0
BGG_MOSDA	485	0
BGG_MOSDA	486	0
BGG_MOSDA	487	0
BGG_MOSDA	488	0
BGG_MOSDA	489	0
BGG_MOSDA	490	0
BGG_MOSDA	491	0
BGG_MOSDA	492	0
BGG_MOSDA	493	0
BGG_MOSDA	494	0
BGG_MOSDA	495	0
BGG_MOSDA	496	0
BGG_MOSDA	497	0
BGG_MOSDA	498	0
BGG_MOSDA	499	0
BGG_MOSDA	500	0
BGG_MOSDA	501	0
BGG_MOSDA	502	0
BGG_MOSDA	503	0
BGG_MOSDA	504	0
BGG_MOSDA	505	0
BGG_MOSDA	506	0
BGG_MOSDA	507	0
BGG_MOSDA	508	0
BGG_MOSDA	509	0
BGG_MOSDA	510	0
BGG_MOSDA	511	0
BGG_MOSDA	512	50105210
BGG_NOSDA	0	0
BGG_NOSDA	1	0
BGG_NOSDA	2	0
BGG_NOSDA	3	0
BGG_NOSDA	4	0
BGG_NOSDA	5	0
BGG_NOSDA	6	0
BGG_NOSDA	7	0
BGG_NOSDA	8	0
BGG_NOSDA	9	0
BGG_NOSDA	10	0
BGG_NOSDA	11	0
BGG_NOSDA	12	14185
BGG_NOSDA	13	3369
BGG_NOSDA	14	4248
BGG_NOSDA	15	6222
BGG_NOSDA	16	3096
BGG_NOSDA	17	2329
BGG_NOSDA	18	1473
BGG_NOSDA	19	1114
BGG_NOSDA	20	2441
BGG_NOSDA	21	1093
BGG_NOSDA	22	1307
BGG_NOSDA	23	799
BGG_NOSDA	24	927
BGG_NOSDA	25	1132
BGG_NOSDA	26	893
BGG_NOSDA	27	886
BGG_NOSDA	28	773
BGG_NOSDA	29	696
BGG_NOSDA	30	694
BGG_NOSDA	31	678
BGG_NOSDA	32	702
BGG_NOSDA	33	670
BGG_NOSDA	34	702
BGG_NOSDA	35	724
BGG_NOSDA	36	728
BGG_NOSDA	37	799
BGG_NOSDA	38	795
BGG_NOSDA	39	752
BGG_NOSDA	40	803
BGG_NOSDA	41	845
BGG_NOSDA	42	804
BGG_NOSDA	43	773
BGG_NOSDA	44	919
BGG_NOSDA	45	990
BGG_NOSDA	46	1091
BGG_NOSDA	47	1270
BGG_NOSDA	48	1191
BGG_NOSDA	49	1251
BGG_NOSDA	50	1258
BGG_NOSDA	51	1269
BGG_NOSDA	52	1488
BGG_NOSDA	53	1538
BGG_NOSDA	54	1562
BGG_NOSDA	55	1532
BGG_NOSDA	56	1656
BGG_NOSDA	57	1807
BGG_NOSDA	58	2056
BGG_NOSDA	59	2014
BGG_NOSDA	60	2093
BGG_NOSDA	61	2223
BGG_NOSDA	62	2253
BGG_NOSDA	63	2380
BGG_NOSDA	64	2545
BGG_NOSDA	65	2603
BGG_NOSDA	66	2783
BGG_NOSDA	67	2857
BGG_NOSDA	68	2967
BGG_NOSDA	69	3265
BGG_NOSDA	70	3629
BGG_NOSDA	71	3783
BGG_NOSDA	72	3965
BGG_NOSDA	73	3908
BGG_NOSDA	74	4271
BGG_NOSDA	75	4441
BGG_NOSDA	76	4623
BGG_NOSDA	77	4758
BGG_NOSDA	78	4947
BGG_NOSDA	79	5201
BGG_NOSDA	80	5405
BGG_NOSDA	81	5744
BGG_NOSDA	82	6022
BGG_NOSDA	83	6295
BGG_NOSDA	84	6547
BGG_NOSDA	85	6960
BGG_NOSDA	86	7408
BGG_NOSDA	87	7746
BGG_NOSDA	88	8279
BGG_NOSDA	89	8900
BGG_NOSDA	90	9390
BGG_NOSDA	91	9790
BGG_NOSDA	92	10529
BGG_NOSDA	93	11186
BGG_NOSDA	94	12337
BGG_NOSDA	95	12840
BGG_NOSDA	96	14324
BGG_NOSDA	97	15441
BGG_NOSDA	98	16859
BGG_NOSDA	99	17773
BGG_NOSDA	100	19687
BGG_NOSDA	101	20907
BGG_NOSDA	102	22473
BGG_NOSDA	103	24220
BGG_NOSDA	104	26042
BGG_NOSDA	105	28100
BGG_NOSDA	106	30672
BGG_NOSDA	107	33989
BGG_NOSDA	108	36507
BGG_NOSDA	109	39250
BGG_NOSDA	110	42626
BGG_NOSDA	111	45569
BGG_NOSDA	112	48654
BGG_NOSDA	113	52457
BGG_NOSDA	114	56032
BGG_NOSDA	115	60376
BGG_NOSDA	116	65004
BGG_NOSDA	117	70498
BGG_NOSDA	118	75626
BGG_NOSDA	119	80392
BGG_NOSDA	120	84955
BGG_NOSDA	121	90362
BGG_NOSDA	122	96081
BGG_NOSDA	123	100772
BGG_NOSDA	124	106536
BGG_NOSDA	125	113214
BGG_NOSDA	126	121109
BGG_NOSDA	127	128310
BGG_NOSDA	128	135931
BGG_NOSDA	129	142633
BGG_NOSDA	130	149306
BGG_NOSDA	131	155822
BGG_NOSDA	132	162744
BGG_NOSDA	133	169586
BGG_NOSDA	134	177235
BGG_NOSDA	135	185568
BGG_NOSDA	136	193654
BGG_NOSDA	137	203524
BGG_NOSDA	138	212017
BGG_NOSDA	139	219753
BGG_NOSDA	140	229314
BGG_NOSDA	141	236673
BGG_NOSDA	142	243494
BGG_NOSDA	143	251572
BGG_NOSDA	144	259509
BGG_NOSDA	145	267891
BGG_NOSDA	146	278469
BGG_NOSDA	147	287383
BGG_NOSDA	148	296965
BGG_NOSDA	149	306281
BGG_NOSDA	150	319260
BGG_NOSDA	151	309177
BGG_NOSDA	152	335357
BGG_NOSDA	153	343344
BGG_NOSDA	154	351177
BGG_NOSDA	155	360077
BGG_NOSDA	156	369620
BGG_NOSDA	157	377340
BGG_NOSDA	158	388957
BGG_NOSDA	159	397453
BGG_NOSDA	160	405970
BGG_NOSDA	161	415945
BGG_NOSDA	162	421198
BGG_NOSDA	163	429471
BGG_NOSDA	164	435479
BGG_NOSDA	165	445536
BGG_NOSDA	166	451574
BGG_NOSDA	167	460512
BGG_NOSDA	168	468385
BGG_NOSDA	169	476927
BGG_NOSDA	170	485209
BGG_NOSDA	171	490804
BGG_NOSDA	172	498233
BGG_NOSDA	173	505625
BGG_NOSDA	174	510826
BGG_NOSDA	175	516510
BGG_NOSDA	176	523113
BGG_NOSDA	177	529325
BGG_NOSDA	178	534946
BGG_NOSDA	179	541786
BGG_NOSDA	180	549135
BGG_NOSDA	181	553121
BGG_NOSDA	182	556255
BGG_NOSDA	183	560521
BGG_NOSDA	184	568846
BGG_NOSDA	185	570793
BGG_NOSDA	186	573526
BGG_NOSDA	187	576481
BGG_NOSDA	188	582402
BGG_NOSDA	189	584485
BGG_NOSDA	190	588284
BGG_NOSDA	191	590277
BGG_NOSDA	192	593818
BGG_NOSDA	193	596405
BGG_NOSDA	194	598354
BGG_NOSDA	195	599928
BGG_NOSDA	196	601115
BGG_NOSDA	197	602808
BGG_NOSDA	198	605165
BGG_NOSDA	199	606485
BGG_NOSDA	200	608194
BGG_NOSDA	201	607531
BGG_NOSDA	202	609904
BGG_NOSDA	203	609068
BGG_NOSDA	204	609826
BGG_NOSDA	205	607785
BGG_NOSDA	206	608103
BGG_NOSDA	207	609262
BGG_NOSDA	208	608109
BGG_NOSDA	209	607445
BGG_NOSDA	210	606251
BGG_NOSDA	211	606499
BGG_NOSDA	212	605097
BGG_NOSDA	213	604536
BGG_NOSDA	214	601230
BGG_NOSDA	215	602718
BGG_NOSDA	216	600169
BGG_NOSDA	217	596813
BGG_NOSDA	218	596856
BGG_NOSDA	219	594473
BGG_NOSDA	220	593089
BGG_NOSDA	221	591589
BGG_NOSDA	222	591944
BGG_NOSDA	223	587018
BGG_NOSDA	224	584955
BGG_NOSDA	225	582306
BGG_NOSDA	226	579361
BGG_NOSDA	227	577111
BGG_NOSDA	228	573920
BGG_NOSDA	229	572108
BGG_NOSDA	230	568972
BGG_NOSDA	231	568039
BGG_NOSDA	232	565211
BGG_NOSDA	233	561471
BGG_NOSDA	234	558431
BGG_NOSDA	235	556519
BGG_NOSDA	236	551683
BGG_NOSDA	237	549100
BGG_NOSDA	238	545176
BGG_NOSDA	239	540343
BGG_NOSDA	240	540675
BGG_NOSDA	241	536005
BGG_NOSDA	242	530803
BGG_NOSDA	243	529194
BGG_NOSDA	244	527785
BGG_NOSDA	245	522152
BGG_NOSDA	246	518996
BGG_NOSDA	247	516089
BGG_NOSDA	248	512933
BGG_NOSDA	249	509534
BGG_NOSDA	250	503886
BGG_NOSDA	251	501324
BGG_NOSDA	252	497745
BGG_NOSDA	253	495856
BGG_NOSDA	254	491925
BGG_NOSDA	255	488038
BGG_NOSDA	256	483216
BGG_NOSDA	257	480474
BGG_NOSDA	258	478206
BGG_NOSDA	259	473528
BGG_NOSDA	260	470351
BGG_NOSDA	261	465136
BGG_NOSDA	262	463086
BGG_NOSDA	263	460224
BGG_NOSDA	264	454367
BGG_NOSDA	265	452202
BGG_NOSDA	266	449256
BGG_NOSDA	267	445521
BGG_NOSDA	268	441096
BGG_NOSDA	269	439007
BGG_NOSDA	270	436017
BGG_NOSDA	271	429481
BGG_NOSDA	272	427131
BGG_NOSDA	273	423981
BGG_NOSDA	274	419778
BGG_NOSDA	275	417178
BGG_NOSDA	276	414801
BGG_NOSDA	277	408336
BGG_NOSDA	278	405204
BGG_NOSDA	279	401841
BGG_NOSDA	280	397811
BGG_NOSDA	281	393282
BGG_NOSDA	282	390471
BGG_NOSDA	283	386289
BGG_NOSDA	284	381101
BGG_NOSDA	285	378179
BGG_NOSDA	286	370929
BGG_NOSDA	287	365569
BGG_NOSDA	288	354133
BGG_NOSDA	289	337369
BGG_NOSDA	290	271988
BGG_NOSDA	291	0
BGG_NOSDA	292	0
BGG_NOSDA	293	0
BGG_NOSDA	294	0
BGG_NOSDA	295	0
BGG_NOSDA	296	0
BGG_NOSDA	297	0
BGG_NOSDA	298	0
BGG_NOSDA	299	0
BGG_NOSDA	300	0
BGG_NOSDA	301	0
BGG_NOSDA	302	0
BGG_NOSDA	303	0
BGG_NOSDA	304	0
BGG_NOSDA	305	0
BGG_NOSDA	306	0
BGG_NOSDA	307	0
BGG_NOSDA	308	0
BGG_NOSDA	309	0
BGG_NOSDA	310	0
BGG_NOSDA	311	0
BGG_NOSDA	312	0
BGG_NOSDA	313	0
BGG_NOSDA	314	0
BGG_NOSDA	315	0
BGG_NOSDA	316	0
BGG_NOSDA	317	0
BGG_NOSDA	318	0
BGG_NOSDA	319	0
BGG_NOSDA	320	0
BGG_NOSDA	321	0
BGG_NOSDA	322	0
BGG_NOSDA	323	0
BGG_NOSDA	324	0
BGG_NOSDA	325	0
BGG_NOSDA	326	0
BGG_NOSDA	327	0
BGG_NOSDA	328	0
BGG_NOSDA	329	0
BGG_NOSDA	330	0
BGG_NOSDA	331	0
BGG_NOSDA	332	0
BGG_NOSDA	333	0
BGG_NOSDA	334	0
BGG_NOSDA	335	0
BGG_NOSDA	336	0
BGG_NOSDA	337	0
BGG_NOSDA	338	0
BGG_NOSDA	339	0
BGG_NOSDA	340	0
BGG_NOSDA	341	0
BGG_NOSDA	342	0
BGG_NOSDA	343	0
BGG_NOSDA	344	0
BGG_NOSDA	345	0
BGG_NOSDA	346	0
BGG_NOSDA	347	0
BGG_NOSDA	348	0
BGG_NOSDA	349	0
BGG_NOSDA	350	0
BGG_NOSDA	351	0
BGG_NOSDA	352	0
BGG_NOSDA	353	0
BGG_NOSDA	354	0
BGG_NOSDA	355	0
BGG_NOSDA	356	0
BGG_NOSDA	357	0
BGG_NOSDA	358	0
BGG_NOSDA	359	0
BGG_NOSDA	360	0
BGG_NOSDA	361	0
BGG_NOSDA	362	0
BGG_NOSDA	363	0
BGG_NOSDA	364	0
BGG_NOSDA	365	0
BGG_NOSDA	366	0
BGG_NOSDA	367	0
BGG_NOSDA	368	0
BGG_NOSDA	369	0
BGG_NOSDA	370	0
BGG_NOSDA	371	0
BGG_NOSDA	372	0
BGG_NOSDA	373	0
BGG_NOSDA	374	0
BGG_NOSDA	375	0
BGG_NOSDA	376	0
BGG_NOSDA	377	0
BGG_NOSDA	378	0
BGG_NOSDA	379	0
BGG_NOSDA	380	0
BGG_NOSDA	381	0
BGG_NOSDA	382	0
BGG_NOSDA	383	0
BGG_NOSDA	384	0
BGG_NOSDA	385	0
BGG_NOSDA	386	0
BGG_NOSDA	387	0
BGG_NOSDA	388	0
BGG_NOSDA	389	0
BGG_NOSDA	390	0
BGG_NOSDA	391	0
BGG_NOSDA	392	0
BGG_NOSDA	393	0
BGG_NOSDA	394	0
BGG_NOSDA	395	0
BGG_NOSDA	396	0
BGG_NOSDA	397	0
BGG_NOSDA	398	0
BGG_NOSDA	399	0
BGG_NOSDA	400	0
BGG_NOSDA	401	0
BGG_NOSDA	402	0
BGG_NOSDA	403	0
BGG_NOSDA	404	0
BGG_NOSDA	405	0
BGG_NOSDA	406	0
BGG_NOSDA	407	0
BGG_NOSDA	408	0
BGG_NOSDA	409	0
BGG_NOSDA	410	0
BGG_NOSDA	411	0
BGG_NOSDA	412	0
BGG_NOSDA	413	0
BGG_NOSDA	414	0
BGG_NOSDA	415	0
BGG_NOSDA	416	0
BGG_NOSDA	417	0
BGG_NOSDA	418	0
BGG_NOSDA	419	0
BGG_NOSDA	420	0
BGG_NOSDA	421	0
BGG_NOSDA	422	0
BGG_NOSDA	423	0
BGG_NOSDA	424	0
BGG_NOSDA	425	0
BGG_NOSDA	426	0
BGG_NOSDA	427	0
BGG_NOSDA	428	0
BGG_NOSDA	429	0
BGG_NOSDA	430	0
BGG_NOSDA	431	0
BGG_NOSDA	432	0
BGG_NOSDA	433	0
BGG_NOSDA	434	0
BGG_NOSDA	435	0
BGG_NOSDA	436	0
BGG_NOSDA	437	0
BGG_NOSDA	438	0
BGG_NOSDA	439	0
BGG_NOSDA	440	0
BGG_NOSDA	441	0
BGG_NOSDA	442	0
BGG_NOSDA	443	0
BGG_NOSDA	444	0
BGG_NOSDA	445	0
BGG_NOSDA	446	0
BGG_NOSDA	447	0
BGG_NOSDA	448	0
BGG_NOSDA	449	0
BGG_NOSDA	450	0
BGG_NOSDA	451	0
BGG_NOSDA	452	0
BGG_NOSDA	453	0
BGG_NOSDA	454	0
BGG_NOSDA	455	0
BGG_NOSDA	456	0
BGG_NOSDA	457	0
BGG_NOSDA	458	0
BGG_NOSDA	459	0
BGG_NOSDA	460	0
BGG_NOSDA	461	0
BGG_NOSDA	462	0
BGG_NOSDA	463	0
BGG_NOSDA	464	0
BGG_NOSDA	465	0
BGG_NOSDA	466	0
BGG_NOSDA	467	0
BGG_NOSDA	468	0
BGG_NOSDA	469	0
BGG_NOSDA	470	0
BGG_NOSDA	471	0
BGG_NOSDA	472	0
BGG_NOSDA	473	0
BGG_NOSDA	474	0
BGG_NOSDA	475	0
BGG_NOSDA	476	0
BGG_NOSDA	477	0
BGG_NOSDA	478	0
BGG_NOSDA	479	0
BGG_NOSDA	480	0
BGG_NOSDA	481	0
BGG_NOSDA	482	0
BGG_NOSDA	483	0
BGG_NOSDA	484	0
BGG_NOSDA	485	0
BGG_NOSDA	486	0
BGG_NOSDA	487	0
BGG_NOSDA	488	0
BGG_NOSDA	489	0
BGG_NOSDA	490	0
BGG_NOSDA	491	0
BGG_NOSDA	492	0
BGG_NOSDA	493	0
BGG_NOSDA	494	0
BGG_NOSDA	495	0
BGG_NOSDA	496	0
BGG_NOSDA	497	0
BGG_NOSDA	498	0
BGG_NOSDA	499	0
BGG_NOSDA	500	0
BGG_NOSDA	501	0
BGG_NOSDA	502	0
BGG_NOSDA	503	0
BGG_NOSDA	504	0
BGG_NOSDA	505	0
BGG_NOSDA	506	0
BGG_NOSDA	507	0
BGG_NOSDA	508	0
BGG_NOSDA	509	0
BGG_NOSDA	510	0
BGG_NOSDA	511	0
BGG_NOSDA	512	34800655
BGG_OOSDC	0	0
BGG_OOSDC	1	0
BGG_OOSDC	2	0
BGG_OOSDC	3	0
BGG_OOSDC	4	0
BGG_OOSDC	5	0
BGG_OOSDC	6	0
BGG_OOSDC	7	0
BGG_OOSDC	8	0
BGG_OOSDC	9	0
BGG_OOSDC	10	0
BGG_OOSDC	11	0
BGG_OOSDC	12	12610
BGG_OOSDC	13	4417
BGG_OOSDC	14	2761
BGG_OOSDC	15	6169
BGG_OOSDC	16	2899
BGG_OOSDC	17	1790
BGG_OOSDC	18	1010
BGG_OOSDC	19	812
BGG_OOSDC	20	1515
BGG_OOSDC	21	960
BGG_OOSDC	22	855
BGG_OOSDC	23	648
BGG_OOSDC	24	699
BGG_OOSDC	25	833
BGG_OOSDC	26	724
BGG_OOSDC	27	659
BGG_OOSDC	28	602
BGG_OOSDC	29	544
BGG_OOSDC	30	550
BGG_OOSDC	31	521
BGG_OOSDC	32	528
BGG_OOSDC	33	482
BGG_OOSDC	34	466
BGG_OOSDC	35	448
BGG_OOSDC	36	437
BGG_OOSDC	37	386
BGG_OOSDC	38	382
BGG_OOSDC	39	402
BGG_OOSDC	40	393
BGG_OOSDC	41	410
BGG_OOSDC	42	397
BGG_OOSDC	43	341
BGG_OOSDC	44	471
BGG_OOSDC	45	428
BGG_OOSDC	46	460
BGG_OOSDC	47	495
BGG_OOSDC	48	632
BGG_OOSDC	49	603
BGG_OOSDC	50	667
BGG_OOSDC	51	799
BGG_OOSDC	52	860
BGG_OOSDC	53	971
BGG_OOSDC	54	1078
BGG_OOSDC	55	1294
BGG_OOSDC	56	1504
BGG_OOSDC	57	1891
BGG_OOSDC	58	2433
BGG_OOSDC	59	2681
BGG_OOSDC	60	2652
BGG_OOSDC	61	2732
BGG_OOSDC	62	2861
BGG_OOSDC	63	2809
BGG_OOSDC	64	2953
BGG_OOSDC	65	2993
BGG_OOSDC	66	3083
BGG_OOSDC	67	3142
BGG_OOSDC	68	3336
BGG_OOSDC	69	3479
BGG_OOSDC	70	3719
BGG_OOSDC	71	3856
BGG_OOSDC	72	3918
BGG_OOSDC	73	3982
BGG_OOSDC	74	4346
BGG_OOSDC	75	4391
BGG_OOSDC	76	4577
BGG_OOSDC	77	4878
BGG_OOSDC	78	5106
BGG_OOSDC	79	5362
BGG_OOSDC	80	5779
BGG_OOSDC	81	6245
BGG_OOSDC	82	6379
BGG_OOSDC	83	6819
BGG_OOSDC	84	7258
BGG_OOSDC	85	7794
BGG_OOSDC	86	8578
BGG_OOSDC	87	8973
BGG_OOSDC	88	9620
BGG_OOSDC	89	10593
BGG_OOSDC	90	11336
BGG_OOSDC	91	12142
BGG_OOSDC	92	13183
BGG_OOSDC	93	14300
BGG_OOSDC	94	15277
BGG_OOSDC	95	16836
BGG_OOSDC	96	18029
BGG_OOSDC	97	19327
BGG_OOSDC	98	21443
BGG_OOSDC	99	22504
BGG_OOSDC	100	24490
BGG_OOSDC	101	26265
BGG_OOSDC	102	28042
BGG_OOSDC	103	30134
BGG_OOSDC	104	32723
BGG_OOSDC	105	34768
BGG_OOSDC	106	36723
BGG_OOSDC	107	39690
BGG_OOSDC	108	41140
BGG_OOSDC	109	43942
BGG_OOSDC	110	46903
BGG_OOSDC	111	49064
BGG_OOSDC	112	51778
BGG_OOSDC	113	54522
BGG_OOSDC	114	56765
BGG_OOSDC	115	60340
BGG_OOSDC	116	63052
BGG_OOSDC	117	65248
BGG_OOSDC	118	67958
BGG_OOSDC	119	71175
BGG_OOSDC	120	72875
BGG_OOSDC	121	76225
BGG_OOSDC	122	79116
BGG_OOSDC	123	81003
BGG_OOSDC	124	84462
BGG_OOSDC	125	87150
BGG_OOSDC	126	88380
BGG_OOSDC	127	91835
BGG_OOSDC	128	94311
BGG_OOSDC	129	96158
BGG_OOSDC	130	97381
BGG_OOSDC	131	100446
BGG_OOSDC	132	101798
BGG_OOSDC	133	104387
BGG_OOSDC	134	106670
BGG_OOSDC	135	107237
BGG_OOSDC	136	109685
BGG_OOSDC	137	111853
BGG_OOSDC	138	113264
BGG_OOSDC	139	115857
BGG_OOSDC	140	116176
BGG_OOSDC	141	117832
BGG_OOSDC	142	118893
BGG_OOSDC	143	121134
BGG_OOSDC	144	121413
BGG_OOSDC	145	123354
BGG_OOSDC	146	125718
BGG_OOSDC	147	125733
BGG_OOSDC	148	127887
BGG_OOSDC	149	128906
BGG_OOSDC	150	131871
BGG_OOSDC	151	124311
BGG_OOSDC	152	132701
BGG_OOSDC	153	134156
BGG_OOSDC	154	134280
BGG_OOSDC	155	136001
BGG_OOSDC	156	136561
BGG_OOSDC	157	137330
BGG_OOSDC	158	138804
BGG_OOSDC	159	139285
BGG_OOSDC	160	140509
BGG_OOSDC	161	141956
BGG_OOSDC	162	141987
BGG_OOSDC	163	142808
BGG_OOSDC	164	144690
BGG_OOSDC	165	144255
BGG_OOSDC	166	146550
BGG_OOSDC	167	147240
BGG_OOSDC	168	147462
BGG_OOSDC	169	149132
BGG_OOSDC	170	150524
BGG_OOSDC	171	151062
BGG_OOSDC	172	151409
BGG_OOSDC	173	153102
BGG_OOSDC	174	153057
BGG_OOSDC	175	153542
BGG_OOSDC	176	156012
BGG_OOSDC	177	155527
BGG_OOSDC	178	157335
BGG_OOSDC	179	158223
BGG_OOSDC	180	159378
BGG_OOSDC	181	160103
BGG_OOSDC	182	161788
BGG_OOSDC	183	161543
BGG_OOSDC	184	161850
BGG_OOSDC	185	162981
BGG_OOSDC	186	163565
BGG_OOSDC	187	164604
BGG_OOSDC	188	166250
BGG_OOSDC	189	166678
BGG_OOSDC	190	168466
BGG_OOSDC	191	168751
BGG_OOSDC	192	169779
BGG_OOSDC	193	170630
BGG_OOSDC	194	171766
BGG_OOSDC	195	171518
BGG_OOSDC	196	172267
BGG_OOSDC	197	173829
BGG_OOSDC	198	175129
BGG_OOSDC	199	176466
BGG_OOSDC	200	177924
BGG_OOSDC	201	178085
BGG_OOSDC	202	179724
BGG_OOSDC	203	180281
BGG_OOSDC	204	182035
BGG_OOSDC	205	182461
BGG_OOSDC	206	183418
BGG_OOSDC	207	184930
BGG_OOSDC	208	185958
BGG_OOSDC	209	187790
BGG_OOSDC	210	189235
BGG_OOSDC	211	190132
BGG_OOSDC	212	191763
BGG_OOSDC	213	192209
BGG_OOSDC	214	193084
BGG_OOSDC	215	195011
BGG_OOSDC	216	196326
BGG_OOSDC	217	197015
BGG_OOSDC	218	198794
BGG_OOSDC	219	199479
BGG_OOSDC	220	201239
BGG_OOSDC	221	203554
BGG_OOSDC	222	204724
BGG_OOSDC	223	206383
BGG_OOSDC	224	207643
BGG_OOSDC	225	208641
BGG_OOSDC	226	210683
BGG_OOSDC	227	211314
BGG_OOSDC	228	213184
BGG_OOSDC	229	214037
BGG_OOSDC	230	216738
BGG_OOSDC	231	218134
BGG_OOSDC	232	219570
BGG_OOSDC	233	222048
BGG_OOSDC	234	223411
BGG_OOSDC	235	224740
BGG_OOSDC	236	226949
BGG_OOSDC	237	227248
BGG_OOSDC	238	229152
BGG_OOSDC	239	231019
BGG_OOSDC	240	233882
BGG_OOSDC	241	234626
BGG_OOSDC	242	236789
BGG_OOSDC	243	239509
BGG_OOSDC	244	240993
BGG_OOSDC	245	242327
BGG_OOSDC	246	244607
BGG_OOSDC	247	246168
BGG_OOSDC	248	248155
BGG_OOSDC	249	249345
BGG_OOSDC	250	251547
BGG_OOSDC	251	253741
BGG_OOSDC	252	255826
BGG_OOSDC	253	258033
BGG_OOSDC	254	260840
BGG_OOSDC	255	262343
BGG_OOSDC	256	264174
BGG_OOSDC	257	266007
BGG_OOSDC	258	268572
BGG_OOSDC	259	269744
BGG_OOSDC	260	271706
BGG_OOSDC	261	274014
BGG_OOSDC	262	276268
BGG_OOSDC	263	278694
BGG_OOSDC	264	280857
BGG_OOSDC	265	282477
BGG_OOSDC	266	286337
BGG_OOSDC	267	287398
BGG_OOSDC	268	290219
BGG_OOSDC	269	292891
BGG_OOSDC	270	293307
BGG_OOSDC	271	296183
BGG_OOSDC	272	297718
BGG_OOSDC	273	300218
BGG_OOSDC	274	304299
BGG_OOSDC	275	306241
BGG_OOSDC	276	307311
BGG_OOSDC	277	309987
BGG_OOSDC	278	311796
BGG_OOSDC	279	315122
BGG_OOSDC	280	314716
BGG_OOSDC	281	317488
BGG_OOSDC	282	319920
BGG_OOSDC	283	320966
BGG_OOSDC	284	324604
BGG_OOSDC	285	326025
BGG_OOSDC	286	328133
BGG_OOSDC	287	329515
BGG_OOSDC	288	323348
BGG_OOSDC	289	312157
BGG_OOSDC	290	248102
BGG_OOSDC	291	0
BGG_OOSDC	292	0
BGG_OOSDC	293	0
BGG_OOSDC	294	0
BGG_OOSDC	295	0
BGG_OOSDC	296	0
BGG_OOSDC	297	0
BGG_OOSDC	298	0
BGG_OOSDC	299	0
BGG_OOSDC	300	0
BGG_OOSDC	301	0
BGG_OOSDC	302	0
BGG_OOSDC	303	0
BGG_OOSDC	304	0
BGG_OOSDC	305	0
BGG_OOSDC	306	0
BGG_OOSDC	307	0
BGG_OOSDC	308	0
BGG_OOSDC	309	0
BGG_OOSDC	310	0
BGG_OOSDC	311	0
BGG_OOSDC	312	0
BGG_OOSDC	313	0
BGG_OOSDC	314	0
BGG_OOSDC	315	0
BGG_OOSDC	316	0
BGG_OOSDC	317	0
BGG_OOSDC	318	0
BGG_OOSDC	319	0
BGG_OOSDC	320	0
BGG_OOSDC	321	0
BGG_OOSDC	322	0
BGG_OOSDC	323	0
BGG_OOSDC	324	0
BGG_OOSDC	325	0
BGG_OOSDC	326	0
BGG_OOSDC	327	0
BGG_OOSDC	328	0
BGG_OOSDC	329	0
BGG_OOSDC	330	0
BGG_OOSDC	331	0
BGG_OOSDC	332	0
BGG_OOSDC	333	0
BGG_OOSDC	334	0
BGG_OOSDC	335	0
BGG_OOSDC	336	0
BGG_OOSDC	337	0
BGG_OOSDC	338	0
BGG_OOSDC	339	0
BGG_OOSDC	340	0
BGG_OOSDC	341	0
BGG_OOSDC	342	0
BGG_OOSDC	343	0
BGG_OOSDC	344	0
BGG_OOSDC	345	0
BGG_OOSDC	346	0
BGG_OOSDC	347	0
BGG_OOSDC	348	0
BGG_OOSDC	349	0
BGG_OOSDC	350	0
BGG_OOSDC	351	0
BGG_OOSDC	352	0
BGG_OOSDC	353	0
BGG_OOSDC	354	0
BGG_OOSDC	355	0
BGG_OOSDC	356	0
BGG_OOSDC	357	0
BGG_OOSDC	358	0
BGG_OOSDC	359	0
BGG_OOSDC	360	0
BGG_OOSDC	361	0
BGG_OOSDC	362	0
BGG_OOSDC	363	0
BGG_OOSDC	364	0
BGG_OOSDC	365	0
BGG_OOSDC	366	0
BGG_OOSDC	367	0
BGG_OOSDC	368	0
BGG_OOSDC	369	0
BGG_OOSDC	370	0
BGG_OOSDC	371	0
BGG_OOSDC	372	0
BGG_OOSDC	373	0
BGG_OOSDC	374	0
BGG_OOSDC	375	0
BGG_OOSDC	376	0
BGG_OOSDC	377	0
BGG_OOSDC	378	0
BGG_OOSDC	379	0
BGG_OOSDC	380	0
BGG_OOSDC	381	0
BGG_OOSDC	382	0
BGG_OOSDC	383	0
BGG_OOSDC	384	0
BGG_OOSDC	385	0
BGG_OOSDC	386	0
BGG_OOSDC	387	0
BGG_OOSDC	388	0
BGG_OOSDC	389	0
BGG_OOSDC	390	0
BGG_OOSDC	391	0
BGG_OOSDC	392	0
BGG_OOSDC	393	0
BGG_OOSDC	394	0
BGG_OOSDC	395	0
BGG_OOSDC	396	0
BGG_OOSDC	397	0
BGG_OOSDC	398	0
BGG_OOSDC	399	0
BGG_OOSDC	400	0
BGG_OOSDC	401	0
BGG_OOSDC	402	0
BGG_OOSDC	403	0
BGG_OOSDC	404	0
BGG_OOSDC	405	0
BGG_OOSDC	406	0
BGG_OOSDC	407	0
BGG_OOSDC	408	0
BGG_OOSDC	409	0
BGG_OOSDC	410	0
BGG_OOSDC	411	0
BGG_OOSDC	412	0
BGG_OOSDC	413	0
BGG_OOSDC	414	0
BGG_OOSDC	415	0
BGG_OOSDC	416	0
BGG_OOSDC	417	0
BGG_OOSDC	418	0
BGG_OOSDC	419	0
BGG_OOSDC	420	0
BGG_OOSDC	421	0
BGG_OOSDC	422	0
BGG_OOSDC	423	0
BGG_OOSDC	424	0
BGG_OOSDC	425	0
BGG_OOSDC	426	0
BGG_OOSDC	427	0
BGG_OOSDC	428	0
BGG_OOSDC	429	0
BGG_OOSDC	430	0
BGG_OOSDC	431	0
BGG_OOSDC	432	0
BGG_OOSDC	433	0
BGG_OOSDC	434	0
BGG_OOSDC	435	0
BGG_OOSDC	436	0
BGG_OOSDC	437	0
BGG_OOSDC	438	0
BGG_OOSDC	439	0
BGG_OOSDC	440	0
BGG_OOSDC	441	0
BGG_OOSDC	442	0
BGG_OOSDC	443	0
BGG_OOSDC	444	0
BGG_OOSDC	445	0
BGG_OOSDC	446	0
BGG_OOSDC	447	0
BGG_OOSDC	448	0
BGG_OOSDC	449	0
BGG_OOSDC	450	0
BGG_OOSDC	451	0
BGG_OOSDC	452	0
BGG_OOSDC	453	0
BGG_OOSDC	454	0
BGG_OOSDC	455	0
BGG_OOSDC	456	0
BGG_OOSDC	457	0
BGG_OOSDC	458	0
BGG_OOSDC	459	0
BGG_OOSDC	460	0
BGG_OOSDC	461	0
BGG_OOSDC	462	0
BGG_OOSDC	463	0
BGG_OOSDC	464	0
BGG_OOSDC	465	0
BGG_OOSDC	466	0
BGG_OOSDC	467	0
BGG_OOSDC	468	0
BGG_OOSDC	469	0
BGG_OOSDC	470	0
BGG_OOSDC	471	0
BGG_OOSDC	472	0
BGG_OOSDC	473	0
BGG_OOSDC	474	0
BGG_OOSDC	475	0
BGG_OOSDC	476	0
BGG_OOSDC	477	0
BGG_OOSDC	478	0
BGG_OOSDC	479	0
BGG_OOSDC	480	0
BGG_OOSDC	481	0
BGG_OOSDC	482	0
BGG_OOSDC	483	0
BGG_OOSDC	484	0
BGG_OOSDC	485	0
BGG_OOSDC	486	0
BGG_OOSDC	487	0
BGG_OOSDC	488	0
BGG_OOSDC	489	0
BGG_OOSDC	490	0
BGG_OOSDC	491	0
BGG_OOSDC	492	0
BGG_OOSDC	493	0
BGG_OOSDC	494	0
BGG_OOSDC	495	0
BGG_OOSDC	496	0
BGG_OOSDC	497	0
BGG_OOSDC	498	0
BGG_OOSDC	499	0
BGG_OOSDC	500	0
BGG_OOSDC	501	0
BGG_OOSDC	502	0
BGG_OOSDC	503	0
BGG_OOSDC	504	0
BGG_OOSDC	505	0
BGG_OOSDC	506	0
BGG_OOSDC	507	0
BGG_OOSDC	508	0
BGG_OOSDC	509	0
BGG_OOSDC	510	0
BGG_OOSDC	511	0
BGG_OOSDC	512	63445857
BGG_POSDC	0	0
BGG_POSDC	1	0
BGG_POSDC	2	0
BGG_POSDC	3	0
BGG_POSDC	4	0
BGG_POSDC	5	0
BGG_POSDC	6	0
BGG_POSDC	7	0
BGG_POSDC	8	0
BGG_POSDC	9	0
BGG_POSDC	10	0
BGG_POSDC	11	0
BGG_POSDC	12	12135
BGG_POSDC	13	4479
BGG_POSDC	14	2556
BGG_POSDC	15	6110
BGG_POSDC	16	3021
BGG_POSDC	17	1627
BGG_POSDC	18	1005
BGG_POSDC	19	778
BGG_POSDC	20	1452
BGG_POSDC	21	912
BGG_POSDC	22	825
BGG_POSDC	23	583
BGG_POSDC	24	557
BGG_POSDC	25	706
BGG_POSDC	26	643
BGG_POSDC	27	613
BGG_POSDC	28	470
BGG_POSDC	29	455
BGG_POSDC	30	478
BGG_POSDC	31	413
BGG_POSDC	32	382
BGG_POSDC	33	387
BGG_POSDC	34	397
BGG_POSDC	35	341
BGG_POSDC	36	354
BGG_POSDC	37	348
BGG_POSDC	38	335
BGG_POSDC	39	345
BGG_POSDC	40	315
BGG_POSDC	41	295
BGG_POSDC	42	309
BGG_POSDC	43	300
BGG_POSDC	44	321
BGG_POSDC	45	350
BGG_POSDC	46	434
BGG_POSDC	47	494
BGG_POSDC	48	524
BGG_POSDC	49	499
BGG_POSDC	50	587
BGG_POSDC	51	565
BGG_POSDC	52	717
BGG_POSDC	53	834
BGG_POSDC	54	931
BGG_POSDC	55	1178
BGG_POSDC	56	1386
BGG_POSDC	57	1684
BGG_POSDC	58	2157
BGG_POSDC	59	2506
BGG_POSDC	60	2547
BGG_POSDC	61	2626
BGG_POSDC	62	2630
BGG_POSDC	63	2611
BGG_POSDC	64	2708
BGG_POSDC	65	2781
BGG_POSDC	66	2933
BGG_POSDC	67	3087
BGG_POSDC	68	3111
BGG_POSDC	69	3420
BGG_POSDC	70	3635
BGG_POSDC	71	3850
BGG_POSDC	72	3998
BGG_POSDC	73	4035
BGG_POSDC	74	4199
BGG_POSDC	75	4262
BGG_POSDC	76	4557
BGG_POSDC	77	4810
BGG_POSDC	78	4872
BGG_POSDC	79	5232
BGG_POSDC	80	5335
BGG_POSDC	81	5788
BGG_POSDC	82	5971
BGG_POSDC	83	6364
BGG_POSDC	84	6644
BGG_POSDC	85	7247
BGG_POSDC	86	7546
BGG_POSDC	87	8244
BGG_POSDC	88	8527
BGG_POSDC	89	9203
BGG_POSDC	90	9695
BGG_POSDC	91	10482
BGG_POSDC	92	11416
BGG_POSDC	93	12006
BGG_POSDC	94	12942
BGG_POSDC	95	14006
BGG_POSDC	96	15212
BGG_POSDC	97	16409
BGG_POSDC	98	17689
BGG_POSDC	99	18849
BGG_POSDC	100	20255
BGG_POSDC	101	21618
BGG_POSDC	102	23816
BGG_POSDC	103	25183
BGG_POSDC	104	27095
BGG_POSDC	105	29162
BGG_POSDC	106	31242
BGG_POSDC	107	33138
BGG_POSDC	108	35702
BGG_POSDC	109	38302
BGG_POSDC	110	40679
BGG_POSDC	111	43275
BGG_POSDC	112	45672
BGG_POSDC	113	48986
BGG_POSDC	114	51609
BGG_POSDC	115	54713
BGG_POSDC	116	58076
BGG_POSDC	117	61250
BGG_POSDC	118	64826
BGG_POSDC	119	67882
BGG_POSDC	120	71396
BGG_POSDC	121	74835
BGG_POSDC	122	78689
BGG_POSDC	123	81743
BGG_POSDC	124	85315
BGG_POSDC	125	88760
BGG_POSDC	126	92792
BGG_POSDC	127	97046
BGG_POSDC	128	100786
BGG_POSDC	129	104220
BGG_POSDC	130	107839
BGG_POSDC	131	111153
BGG_POSDC	132	114394
BGG_POSDC	133	118457
BGG_POSDC	134	121605
BGG_POSDC	135	125728
BGG_POSDC	136	130612
BGG_POSDC	137	133347
BGG_POSDC	138	137304
BGG_POSDC	139	140870
BGG_POSDC	140	143638
BGG_POSDC	141	146734
BGG_POSDC	142	150341
BGG_POSDC	143	152598
BGG_POSDC	144	155945
BGG_POSDC	145	160231
BGG_POSDC	146	161655
BGG_POSDC	147	166625
BGG_POSDC	148	169186
BGG_POSDC	149	172484
BGG_POSDC	150	177826
BGG_POSDC	151	168145
BGG_POSDC	152	181707
BGG_POSDC	153	184277
BGG_POSDC	154	186912
BGG_POSDC	155	189415
BGG_POSDC	156	192456
BGG_POSDC	157	194750
BGG_POSDC	158	198070
BGG_POSDC	159	201325
BGG_POSDC	160	202772
BGG_POSDC	161	205332
BGG_POSDC	162	207890
BGG_POSDC	163	210185
BGG_POSDC	164	211135
BGG_POSDC	165	214037
BGG_POSDC	166	216165
BGG_POSDC	167	219455
BGG_POSDC	168	221368
BGG_POSDC	169	224058
BGG_POSDC	170	226582
BGG_POSDC	171	228491
BGG_POSDC	172	229729
BGG_POSDC	173	232094
BGG_POSDC	174	233432
BGG_POSDC	175	235043
BGG_POSDC	176	237596
BGG_POSDC	177	239604
BGG_POSDC	178	242373
BGG_POSDC	179	245150
BGG_POSDC	180	246639
BGG_POSDC	181	249390
BGG_POSDC	182	249380
BGG_POSDC	183	250984
BGG_POSDC	184	251642
BGG_POSDC	185	253412
BGG_POSDC	186	254983
BGG_POSDC	187	256129
BGG_POSDC	188	259082
BGG_POSDC	189	261101
BGG_POSDC	190	262026
BGG_POSDC	191	264546
BGG_POSDC	192	265318
BGG_POSDC	193	266667
BGG_POSDC	194	266777
BGG_POSDC	195	268233
BGG_POSDC	196	268667
BGG_POSDC	197	270508
BGG_POSDC	198	271180
BGG_POSDC	199	273606
BGG_POSDC	200	275181
BGG_POSDC	201	276493
BGG_POSDC	202	276579
BGG_POSDC	203	277895
BGG_POSDC	204	278071
BGG_POSDC	205	278656
BGG_POSDC	206	279668
BGG_POSDC	207	280841
BGG_POSDC	208	281055
BGG_POSDC	209	283493
BGG_POSDC	210	284430
BGG_POSDC	211	286373
BGG_POSDC	212	288350
BGG_POSDC	213	287679
BGG_POSDC	214	287571
BGG_POSDC	215	289307
BGG_POSDC	216	289877
BGG_POSDC	217	290447
BGG_POSDC	218	290999
BGG_POSDC	219	292099
BGG_POSDC	220	293493
BGG_POSDC	221	294538
BGG_POSDC	222	295734
BGG_POSDC	223	296664
BGG_POSDC	224	296496
BGG_POSDC	225	297667
BGG_POSDC	226	296803
BGG_POSDC	227	297587
BGG_POSDC	228	298220
BGG_POSDC	229	300002
BGG_POSDC	230	300599
BGG_POSDC	231	302363
BGG_POSDC	232	302884
BGG_POSDC	233	303579
BGG_POSDC	234	304287
BGG_POSDC	235	304496
BGG_POSDC	236	304969
BGG_POSDC	237	306019
BGG_POSDC	238	305115
BGG_POSDC	239	306564
BGG_POSDC	240	307051
BGG_POSDC	241	307484
BGG_POSDC	242	309459
BGG_POSDC	243	309701
BGG_POSDC	244	311156
BGG_POSDC	245	312032
BGG_POSDC	246	312191
BGG_POSDC	247	312874
BGG_POSDC	248	311907
BGG_POSDC	249	312125
BGG_POSDC	250	313179
BGG_POSDC	251	314082
BGG_POSDC	252	315169
BGG_POSDC	253	316261
BGG_POSDC	254	317994
BGG_POSDC	255	317759
BGG_POSDC	256	318006
BGG_POSDC	257	318706
BGG_POSDC	258	318865
BGG_POSDC	259	319228
BGG_POSDC	260	319431
BGG_POSDC	261	320164
BGG_POSDC	262	321709
BGG_POSDC	263	321769
BGG_POSDC	264	323792
BGG_POSDC	265	325007
BGG_POSDC	266	324049
BGG_POSDC	267	324276
BGG_POSDC	268	325216
BGG_POSDC	269	324859
BGG_POSDC	270	325807
BGG_POSDC	271	326265
BGG_POSDC	272	326370
BGG_POSDC	273	328352
BGG_POSDC	274	329189
BGG_POSDC	275	330016
BGG_POSDC	276	330988
BGG_POSDC	277	331851
BGG_POSDC	278	331277
BGG_POSDC	279	331418
BGG_POSDC	280	331086
BGG_POSDC	281	330813
BGG_POSDC	282	331250
BGG_POSDC	283	331196
BGG_POSDC	284	331794
BGG_POSDC	285	332439
BGG_POSDC	286	329940
BGG_POSDC	287	328438
BGG_POSDC	288	316318
BGG_POSDC	289	289411
BGG_POSDC	290	221822
BGG_POSDC	291	0
BGG_POSDC	292	0
BGG_POSDC	293	0
BGG_POSDC	294	0
BGG_POSDC	295	0
BGG_POSDC	296	0
BGG_POSDC	297	0
BGG_POSDC	298	0
BGG_POSDC	299	0
BGG_POSDC	300	0
BGG_POSDC	301	0
BGG_POSDC	302	0
BGG_POSDC	303	0
BGG_POSDC	304	0
BGG_POSDC	305	0
BGG_POSDC	306	0
BGG_POSDC	307	0
BGG_POSDC	308	0
BGG_POSDC	309	0
BGG_POSDC	310	0
BGG_POSDC	311	0
BGG_POSDC	312	0
BGG_POSDC	313	0
BGG_POSDC	314	0
BGG_POSDC	315	0
BGG_POSDC	316	0
BGG_POSDC	317	0
BGG_POSDC	318	0
BGG_POSDC	319	0
BGG_POSDC	320	0
BGG_POSDC	321	0
BGG_POSDC	322	0
BGG_POSDC	323	0
BGG_POSDC	324	0
BGG_POSDC	325	0
BGG_POSDC	326	0
BGG_POSDC	327	0
BGG_POSDC	328	0
BGG_POSDC	329	0
BGG_POSDC	330	0
BGG_POSDC	331	0
BGG_POSDC	332	0
BGG_POSDC	333	0
BGG_POSDC	334	0
BGG_POSDC	335	0
BGG_POSDC	336	0
BGG_POSDC	337	0
BGG_POSDC	338	0
BGG_POSDC	339	0
BGG_POSDC	340	0
BGG_POSDC	341	0
BGG_POSDC	342	0
BGG_POSDC	343	0
BGG_POSDC	344	0
BGG_POSDC	345	0
BGG_POSDC	346	0
BGG_POSDC	347	0
BGG_POSDC	348	0
BGG_POSDC	349	0
BGG_POSDC	350	0
BGG_POSDC	351	0
BGG_POSDC	352	0
BGG_POSDC	353	0
BGG_POSDC	354	0
BGG_POSDC	355	0
BGG_POSDC	356	0
BGG_POSDC	357	0
BGG_POSDC	358	0
BGG_POSDC	359	0
BGG_POSDC	360	0
BGG_POSDC	361	0
BGG_POSDC	362	0
BGG_POSDC	363	0
BGG_POSDC	364	0
BGG_POSDC	365	0
BGG_POSDC	366	0
BGG_POSDC	367	0
BGG_POSDC	368	0
BGG_POSDC	369	0
BGG_POSDC	370	0
BGG_POSDC	371	0
BGG_POSDC	372	0
BGG_POSDC	373	0
BGG_POSDC	374	0
BGG_POSDC	375	0
BGG_POSDC	376	0
BGG_POSDC	377	0
BGG_POSDC	378	0
BGG_POSDC	379	0
BGG_POSDC	380	0
BGG_POSDC	381	0
BGG_POSDC	382	0
BGG_POSDC	383	0
BGG_POSDC	384	0
BGG_POSDC	385	0
BGG_POSDC	386	0
BGG_POSDC	387	0
BGG_POSDC	388	0
BGG_POSDC	389	0
BGG_POSDC	390	0
BGG_POSDC	391	0
BGG_POSDC	392	0
BGG_POSDC	393	0
BGG_POSDC	394	0
BGG_POSDC	395	0
BGG_POSDC	396	0
BGG_POSDC	397	0
BGG_POSDC	398	0
BGG_POSDC	399	0
BGG_POSDC	400	0
BGG_POSDC	401	0
BGG_POSDC	402	0
BGG_POSDC	403	0
BGG_POSDC	404	0
BGG_POSDC	405	0
BGG_POSDC	406	0
BGG_POSDC	407	0
BGG_POSDC	408	0
BGG_POSDC	409	0
BGG_POSDC	410	0
BGG_POSDC	411	0
BGG_POSDC	412	0
BGG_POSDC	413	0
BGG_POSDC	414	0
BGG_POSDC	415	0
BGG_POSDC	416	0
BGG_POSDC	417	0
BGG_POSDC	418	0
BGG_POSDC	419	0
BGG_POSDC	420	0
BGG_POSDC	421	0
BGG_POSDC	422	0
BGG_POSDC	423	0
BGG_POSDC	424	0
BGG_POSDC	425	0
BGG_POSDC	426	0
BGG_POSDC	427	0
BGG_POSDC	428	0
BGG_POSDC	429	0
BGG_POSDC	430	0
BGG_POSDC	431	0
BGG_POSDC	432	0
BGG_POSDC	433	0
BGG_POSDC	434	0
BGG_POSDC	435	0
BGG_POSDC	436	0
BGG_POSDC	437	0
BGG_POSDC	438	0
BGG_POSDC	439	0
BGG_POSDC	440	0
BGG_POSDC	441	0
BGG_POSDC	442	0
BGG_POSDC	443	0
BGG_POSDC	444	0
BGG_POSDC	445	0
BGG_POSDC	446	0
BGG_POSDC	447	0
BGG_POSDC	448	0
BGG_POSDC	449	0
BGG_POSDC	450	0
BGG_POSDC	451	0
BGG_POSDC	452	0
BGG_POSDC	453	0
BGG_POSDC	454	0
BGG_POSDC	455	0
BGG_POSDC	456	0
BGG_POSDC	457	0
BGG_POSDC	458	0
BGG_POSDC	459	0
BGG_POSDC	460	0
BGG_POSDC	461	0
BGG_POSDC	462	0
BGG_POSDC	463	0
BGG_POSDC	464	0
BGG_POSDC	465	0
BGG_POSDC	466	0
BGG_POSDC	467	0
BGG_POSDC	468	0
BGG_POSDC	469	0
BGG_POSDC	470	0
BGG_POSDC	471	0
BGG_POSDC	472	0
BGG_POSDC	473	0
BGG_POSDC	474	0
BGG_POSDC	475	0
BGG_POSDC	476	0
BGG_POSDC	477	0
BGG_POSDC	478	0
BGG_POSDC	479	0
BGG_POSDC	480	0
BGG_POSDC	481	0
BGG_POSDC	482	0
BGG_POSDC	483	0
BGG_POSDC	484	0
BGG_POSDC	485	0
BGG_POSDC	486	0
BGG_POSDC	487	0
BGG_POSDC	488	0
BGG_POSDC	489	0
BGG_POSDC	490	0
BGG_POSDC	491	0
BGG_POSDC	492	0
BGG_POSDC	493	0
BGG_POSDC	494	0
BGG_POSDC	495	0
BGG_POSDC	496	0
BGG_POSDC	497	0
BGG_POSDC	498	0
BGG_POSDC	499	0
BGG_POSDC	500	0
BGG_POSDC	501	0
BGG_POSDC	502	0
BGG_POSDC	503	0
BGG_POSDC	504	0
BGG_POSDC	505	0
BGG_POSDC	506	0
BGG_POSDC	507	0
BGG_POSDC	508	0
BGG_POSDC	509	0
BGG_POSDC	510	0
BGG_POSDC	511	0
BGG_POSDC	512	58602291
BGG_QOSDA	0	0
BGG_QOSDA	1	0
BGG_QOSDA	2	0
BGG_QOSDA	3	0
BGG_QOSDA	4	0
BGG_QOSDA	5	0
BGG_QOSDA	6	0
BGG_QOSDA	7	0
BGG_QOSDA	8	0
BGG_QOSDA	9	0
BGG_QOSDA	10	0
BGG_QOSDA	11	0
BGG_QOSDA	12	11914
BGG_QOSDA	13	3226
BGG_QOSDA	14	3283
BGG_QOSDA	15	5687
BGG_QOSDA	16	2619
BGG_QOSDA	17	1899
BGG_QOSDA	18	1112
BGG_QOSDA	19	976
BGG_QOSDA	20	1875
BGG_QOSDA	21	1023
BGG_QOSDA	22	1063
BGG_QOSDA	23	755
BGG_QOSDA	24	810
BGG_QOSDA	25	920
BGG_QOSDA	26	820
BGG_QOSDA	27	784
BGG_QOSDA	28	767
BGG_QOSDA	29	631
BGG_QOSDA	30	581
BGG_QOSDA	31	588
BGG_QOSDA	32	625
BGG_QOSDA	33	557
BGG_QOSDA	34	604
BGG_QOSDA	35	559
BGG_QOSDA	36	585
BGG_QOSDA	37	656
BGG_QOSDA	38	603
BGG_QOSDA	39	758
BGG_QOSDA	40	922
BGG_QOSDA	41	1112
BGG_QOSDA	42	1250
BGG_QOSDA	43	1445
BGG_QOSDA	44	1856
BGG_QOSDA	45	2163
BGG_QOSDA	46	2741
BGG_QOSDA	47	3185
BGG_QOSDA	48	3441
BGG_QOSDA	49	3443
BGG_QOSDA	50	3541
BGG_QOSDA	51	3797
BGG_QOSDA	52	3995
BGG_QOSDA	53	4134
BGG_QOSDA	54	4448
BGG_QOSDA	55	4738
BGG_QOSDA	56	5137
BGG_QOSDA	57	5255
BGG_QOSDA	58	5613
BGG_QOSDA	59	5935
BGG_QOSDA	60	6232
BGG_QOSDA	61	6599
BGG_QOSDA	62	7067
BGG_QOSDA	63	7388
BGG_QOSDA	64	7985
BGG_QOSDA	65	8425
BGG_QOSDA	66	8883
BGG_QOSDA	67	9440
BGG_QOSDA	68	10124
BGG_QOSDA	69	10745
BGG_QOSDA	70	11698
BGG_QOSDA	71	12135
BGG_QOSDA	72	12901
BGG_QOSDA	73	13596
BGG_QOSDA	74	14146
BGG_QOSDA	75	15112
BGG_QOSDA	76	15962
BGG_QOSDA	77	16875
BGG_QOSDA	78	17902
BGG_QOSDA	79	19138
BGG_QOSDA	80	19886
BGG_QOSDA	81	21065
BGG_QOSDA	82	22117
BGG_QOSDA	83	23450
BGG_QOSDA	84	24566
BGG_QOSDA	85	25935
BGG_QOSDA	86	27426
BGG_QOSDA	87	29006
BGG_QOSDA	88	30525
BGG_QOSDA	89	31962
BGG_QOSDA	90	33407
BGG_QOSDA	91	35012
BGG_QOSDA	92	37196
BGG_QOSDA	93	38769
BGG_QOSDA	94	40571
BGG_QOSDA	95	42569
BGG_QOSDA	96	45338
BGG_QOSDA	97	47432
BGG_QOSDA	98	50104
BGG_QOSDA	99	52196
BGG_QOSDA	100	54254
BGG_QOSDA	101	56737
BGG_QOSDA	102	59227
BGG_QOSDA	103	61669
BGG_QOSDA	104	65495
BGG_QOSDA	105	67807
BGG_QOSDA	106	70960
BGG_QOSDA	107	74550
BGG_QOSDA	108	77599
BGG_QOSDA	109	81097
BGG_QOSDA	110	84247
BGG_QOSDA	111	87761
BGG_QOSDA	112	91200
BGG_QOSDA	113	94694
BGG_QOSDA	114	97697
BGG_QOSDA	115	101625
BGG_QOSDA	116	106314
BGG_QOSDA	117	110717
BGG_QOSDA	118	114022
BGG_QOSDA	119	118706
BGG_QOSDA	120	123721
BGG_QOSDA	121	126835
BGG_QOSDA	122	131359
BGG_QOSDA	123	136619
BGG_QOSDA	124	140209
BGG_QOSDA	125	145148
BGG_QOSDA	126	149192
BGG_QOSDA	127	155571
BGG_QOSDA	128	159980
BGG_QOSDA	129	165040
BGG_QOSDA	130	169295
BGG_QOSDA	131	174043
BGG_QOSDA	132	179229
BGG_QOSDA	133	183627
BGG_QOSDA	134	188346
BGG_QOSDA	135	194526
BGG_QOSDA	136	200205
BGG_QOSDA	137	204072
BGG_QOSDA	138	210257
BGG_QOSDA	139	216038
BGG_QOSDA	140	221229
BGG_QOSDA	141	226269
BGG_QOSDA	142	231815
BGG_QOSDA	143	236495
BGG_QOSDA	144	241732
BGG_QOSDA	145	246610
BGG_QOSDA	146	250692
BGG_QOSDA	147	255691
BGG_QOSDA	148	261649
BGG_QOSDA	149	265508
BGG_QOSDA	150	278662
BGG_QOSDA	151	262165
BGG_QOSDA	152	284302
BGG_QOSDA	153	287681
BGG_QOSDA	154	292842
BGG_QOSDA	155	297171
BGG_QOSDA	156	302877
BGG_QOSDA	157	307923
BGG_QOSDA	158	313343
BGG_QOSDA	159	318535
BGG_QOSDA	160	322628
BGG_QOSDA	161	326709
BGG_QOSDA	162	332329
BGG_QOSDA	163	335664
BGG_QOSDA	164	340562
BGG_QOSDA	165	343841
BGG_QOSDA	166	348062
BGG_QOSDA	167	351915
BGG_QOSDA	168	356537
BGG_QOSDA	169	363313
BGG_QOSDA	170	366411
BGG_QOSDA	171	369535
BGG_QOSDA	172	374729
BGG_QOSDA	173	375716
BGG_QOSDA	174	381282
BGG_QOSDA	175	384437
BGG_QOSDA	176	387128
BGG_QOSDA	177	389906
BGG_QOSDA	178	395978
BGG_QOSDA	179	398530
BGG_QOSDA	180	402906
BGG_QOSDA	181	405600
BGG_QOSDA	182	409155
BGG_QOSDA	183	411840
BGG_QOSDA	184	414421
BGG_QOSDA	185	416640
BGG_QOSDA	186	419367
BGG_QOSDA	187	421535
BGG_QOSDA	188	424839
BGG_QOSDA	189	426913
BGG_QOSDA	190	430962
BGG_QOSDA	191	434128
BGG_QOSDA	192	434430
BGG_QOSDA	193	437978
BGG_QOSDA	194	440175
BGG_QOSDA	195	440774
BGG_QOSDA	196	442602
BGG_QOSDA	197	443185
BGG_QOSDA	198	446154
BGG_QOSDA	199	450190
BGG_QOSDA	200	449534
BGG_QOSDA	201	452631
BGG_QOSDA	202	454560
BGG_QOSDA	203	453433
BGG_QOSDA	204	455350
BGG_QOSDA	205	455992
BGG_QOSDA	206	457279
BGG_QOSDA	207	458137
BGG_QOSDA	208	460907
BGG_QOSDA	209	461341
BGG_QOSDA	210	462883
BGG_QOSDA	211	462864
BGG_QOSDA	212	462206
BGG_QOSDA	213	461913
BGG_QOSDA	214	463853
BGG_QOSDA	215	462554
BGG_QOSDA	216	464163
BGG_QOSDA	217	463663
BGG_QOSDA	218	464414
BGG_QOSDA	219	463305
BGG_QOSDA	220	465807
BGG_QOSDA	221	463559
BGG_QOSDA	222	465148
BGG_QOSDA	223	464626
BGG_QOSDA	224	462384
BGG_QOSDA	225	463482
BGG_QOSDA	226	462371
BGG_QOSDA	227	460424
BGG_QOSDA	228	461609
BGG_QOSDA	229	460568
BGG_QOSDA	230	458971
BGG_QOSDA	231	459538
BGG_QOSDA	232	461019
BGG_QOSDA	233	457892
BGG_QOSDA	234	458580
BGG_QOSDA	235	455999
BGG_QOSDA	236	453892
BGG_QOSDA	237	453670
BGG_QOSDA	238	452896
BGG_QOSDA	239	451488
BGG_QOSDA	240	449986
BGG_QOSDA	241	450149
BGG_QOSDA	242	447990
BGG_QOSDA	243	445327
BGG_QOSDA	244	445477
BGG_QOSDA	245	443677
BGG_QOSDA	246	440509
BGG_QOSDA	247	441290
BGG_QOSDA	248	437614
BGG_QOSDA	249	437602
BGG_QOSDA	250	436123
BGG_QOSDA	251	432346
BGG_QOSDA	252	434280
BGG_QOSDA	253	431833
BGG_QOSDA	254	429557
BGG_QOSDA	255	428906
BGG_QOSDA	256	426914
BGG_QOSDA	257	423852
BGG_QOSDA	258	421874
BGG_QOSDA	259	421926
BGG_QOSDA	260	420092
BGG_QOSDA	261	417648
BGG_QOSDA	262	415908
BGG_QOSDA	263	414368
BGG_QOSDA	264	414670
BGG_QOSDA	265	411667
BGG_QOSDA	266	409143
BGG_QOSDA	267	406148
BGG_QOSDA	268	405717
BGG_QOSDA	269	403216
BGG_QOSDA	270	400551
BGG_QOSDA	271	398476
BGG_QOSDA	272	396872
BGG_QOSDA	273	395160
BGG_QOSDA	274	393877
BGG_QOSDA	275	390501
BGG_QOSDA	276	388872
BGG_QOSDA	277	386596
BGG_QOSDA	278	382010
BGG_QOSDA	279	380659
BGG_QOSDA	280	380130
BGG_QOSDA	281	375589
BGG_QOSDA	282	372876
BGG_QOSDA	283	370677
BGG_QOSDA	284	367632
BGG_QOSDA	285	365105
BGG_QOSDA	286	358373
BGG_QOSDA	287	354067
BGG_QOSDA	288	342198
BGG_QOSDA	289	325107
BGG_QOSDA	290	258111
BGG_QOSDA	291	0
BGG_QOSDA	292	0
BGG_QOSDA	293	0
BGG_QOSDA	294	0
BGG_QOSDA	295	0
BGG_QOSDA	296	0
BGG_QOSDA	297	0
BGG_QOSDA	298	0
BGG_QOSDA	299	0
BGG_QOSDA	300	0
BGG_QOSDA	301	0
BGG_QOSDA	302	0
BGG_QOSDA	303	0
BGG_QOSDA	304	0
BGG_QOSDA	305	0
BGG_QOSDA	306	0
BGG_QOSDA	307	0
BGG_QOSDA	308	0
BGG_QOSDA	309	0
BGG_QOSDA	310	0
BGG_QOSDA	311	0
BGG_QOSDA	312	0
BGG_QOSDA	313	0
BGG_QOSDA	314	0
BGG_QOSDA	315	0
BGG_QOSDA	316	0
BGG_QOSDA	317	0
BGG_QOSDA	318	0
BGG_QOSDA	319	0
BGG_QOSDA	320	0
BGG_QOSDA	321	0
BGG_QOSDA	322	0
BGG_QOSDA	323	0
BGG_QOSDA	324	0
BGG_QOSDA	325	0
BGG_QOSDA	326	0
BGG_QOSDA	327	0
BGG_QOSDA	328	0
BGG_QOSDA	329	0
BGG_QOSDA	330	0
BGG_QOSDA	331	0
BGG_QOSDA	332	0
BGG_QOSDA	333	0
BGG_QOSDA	334	0
BGG_QOSDA	335	0
BGG_QOSDA	336	0
BGG_QOSDA	337	0
BGG_QOSDA	338	0
BGG_QOSDA	339	0
BGG_QOSDA	340	0
BGG_QOSDA	341	0
BGG_QOSDA	342	0
BGG_QOSDA	343	0
BGG_QOSDA	344	0
BGG_QOSDA	345	0
BGG_QOSDA	346	0
BGG_QOSDA	347	0
BGG_QOSDA	348	0
BGG_QOSDA	349	0
BGG_QOSDA	350	0
BGG_QOSDA	351	0
BGG_QOSDA	352	0
BGG_QOSDA	353	0
BGG_QOSDA	354	0
BGG_QOSDA	355	0
BGG_QOSDA	356	0
BGG_QOSDA	357	0
BGG_QOSDA	358	0
BGG_QOSDA	359	0
BGG_QOSDA	360	0
BGG_QOSDA	361	0
BGG_QOSDA	362	0
BGG_QOSDA	363	0
BGG_QOSDA	364	0
BGG_QOSDA	365	0
BGG_QOSDA	366	0
BGG_QOSDA	367	0
BGG_QOSDA	368	0
BGG_QOSDA	369	0
BGG_QOSDA	370	0
BGG_QOSDA	371	0
BGG_QOSDA	372	0
BGG_QOSDA	373	0
BGG_QOSDA	374	0
BGG_QOSDA	375	0
BGG_QOSDA	376	0
BGG_QOSDA	377	0
BGG_QOSDA	378	0
BGG_QOSDA	379	0
BGG_QOSDA	380	0
BGG_QOSDA	381	0
BGG_QOSDA	382	0
BGG_QOSDA	383	0
BGG_QOSDA	384	0
BGG_QOSDA	385	0
BGG_QOSDA	386	0
BGG_QOSDA	387	0
BGG_QOSDA	388	0
BGG_QOSDA	389	0
BGG_QOSDA	390	0
BGG_QOSDA	391	0
BGG_QOSDA	392	0
BGG_QOSDA	393	0
BGG_QOSDA	394	0
BGG_QOSDA	395	0
BGG_QOSDA	396	0
BGG_QOSDA	397	0
BGG_QOSDA	398	0
BGG_QOSDA	399	0
BGG_QOSDA	400	0
BGG_QOSDA	401	0
BGG_QOSDA	402	0
BGG_QOSDA	403	0
BGG_QOSDA	404	0
BGG_QOSDA	405	0
BGG_QOSDA	406	0
BGG_QOSDA	407	0
BGG_QOSDA	408	0
BGG_QOSDA	409	0
BGG_QOSDA	410	0
BGG_QOSDA	411	0
BGG_QOSDA	412	0
BGG_QOSDA	413	0
BGG_QOSDA	414	0
BGG_QOSDA	415	0
BGG_QOSDA	416	0
BGG_QOSDA	417	0
BGG_QOSDA	418	0
BGG_QOSDA	419	0
BGG_QOSDA	420	0
BGG_QOSDA	421	0
BGG_QOSDA	422	0
BGG_QOSDA	423	0
BGG_QOSDA	424	0
BGG_QOSDA	425	0
BGG_QOSDA	426	0
BGG_QOSDA	427	0
BGG_QOSDA	428	0
BGG_QOSDA	429	0
BGG_QOSDA	430	0
BGG_QOSDA	431	0
BGG_QOSDA	432	0
BGG_QOSDA	433	0
BGG_QOSDA	434	0
BGG_QOSDA	435	0
BGG_QOSDA	436	0
BGG_QOSDA	437	0
BGG_QOSDA	438	0
BGG_QOSDA	439	0
BGG_QOSDA	440	0
BGG_QOSDA	441	0
BGG_QOSDA	442	0
BGG_QOSDA	443	0
BGG_QOSDA	444	0
BGG_QOSDA	445	0
BGG_QOSDA	446	0
BGG_QOSDA	447	0
BGG_QOSDA	448	0
BGG_QOSDA	449	0
BGG_QOSDA	450	0
BGG_QOSDA	451	0
BGG_QOSDA	452	0
BGG_QOSDA	453	0
BGG_QOSDA	454	0
BGG_QOSDA	455	0
BGG_QOSDA	456	0
BGG_QOSDA	457	0
BGG_QOSDA	458	0
BGG_QOSDA	459	0
BGG_QOSDA	460	0
BGG_QOSDA	461	0
BGG_QOSDA	462	0
BGG_QOSDA	463	0
BGG_QOSDA	464	0
BGG_QOSDA	465	0
BGG_QOSDA	466	0
BGG_QOSDA	467	0
BGG_QOSDA	468	0
BGG_QOSDA	469	0
BGG_QOSDA	470	0
BGG_QOSDA	471	0
BGG_QOSDA	472	0
BGG_QOSDA	473	0
BGG_QOSDA	474	0
BGG_QOSDA	475	0
BGG_QOSDA	476	0
BGG_QOSDA	477	0
BGG_QOSDA	478	0
BGG_QOSDA	479	0
BGG_QOSDA	480	0
BGG_QOSDA	481	0
BGG_QOSDA	482	0
BGG_QOSDA	483	0
BGG_QOSDA	484	0
BGG_QOSDA	485	0
BGG_QOSDA	486	0
BGG_QOSDA	487	0
BGG_QOSDA	488	0
BGG_QOSDA	489	0
BGG_QOSDA	490	0
BGG_QOSDA	491	0
BGG_QOSDA	492	0
BGG_QOSDA	493	0
BGG_QOSDA	494	0
BGG_QOSDA	495	0
BGG_QOSDA	496	0
BGG_QOSDA	497	0
BGG_QOSDA	498	0
BGG_QOSDA	499	0
BGG_QOSDA	500	0
BGG_QOSDA	501	0
BGG_QOSDA	502	0
BGG_QOSDA	503	0
BGG_QOSDA	504	0
BGG_QOSDA	505	0
BGG_QOSDA	506	0
BGG_QOSDA	507	0
BGG_QOSDA	508	0
BGG_QOSDA	509	0
BGG_QOSDA	510	0
BGG_QOSDA	511	0
BGG_QOSDA	512	40048644
BGG_ROSDA	0	0
BGG_ROSDA	1	0
BGG_ROSDA	2	0
BGG_ROSDA	3	0
BGG_ROSDA	4	0
BGG_ROSDA	5	0
BGG_ROSDA	6	0
BGG_ROSDA	7	0
BGG_ROSDA	8	0
BGG_ROSDA	9	0
BGG_ROSDA	10	0
BGG_ROSDA	11	0
BGG_ROSDA	12	44070
BGG_ROSDA	13	5989
BGG_ROSDA	14	14251
BGG_ROSDA	15	16400
BGG_ROSDA	16	7273
BGG_ROSDA	17	5628
BGG_ROSDA	18	2874
BGG_ROSDA	19	2268
BGG_ROSDA	20	6222
BGG_ROSDA	21	1672
BGG_ROSDA	22	2754
BGG_ROSDA	23	1037
BGG_ROSDA	24	1557
BGG_ROSDA	25	1775
BGG_ROSDA	26	1404
BGG_ROSDA	27	1198
BGG_ROSDA	28	1049
BGG_ROSDA	29	859
BGG_ROSDA	30	868
BGG_ROSDA	31	1003
BGG_ROSDA	32	798
BGG_ROSDA	33	761
BGG_ROSDA	34	716
BGG_ROSDA	35	743
BGG_ROSDA	36	874
BGG_ROSDA	37	869
BGG_ROSDA	38	943
BGG_ROSDA	39	1123
BGG_ROSDA	40	1395
BGG_ROSDA	41	1599
BGG_ROSDA	42	1891
BGG_ROSDA	43	2222
BGG_ROSDA	44	2576
BGG_ROSDA	45	3176
BGG_ROSDA	46	3892
BGG_ROSDA	47	4462
BGG_ROSDA	48	4529
BGG_ROSDA	49	4684
BGG_ROSDA	50	4573
BGG_ROSDA	51	4885
BGG_ROSDA	52	4937
BGG_ROSDA	53	4956
BGG_ROSDA	54	5269
BGG_ROSDA	55	5029
BGG_ROSDA	56	5205
BGG_ROSDA	57	5418
BGG_ROSDA	58	5552
BGG_ROSDA	59	5577
BGG_ROSDA	60	5743
BGG_ROSDA	61	5822
BGG_ROSDA	62	5870
BGG_ROSDA	63	6210
BGG_ROSDA	64	6264
BGG_ROSDA	65	6339
BGG_ROSDA	66	6745
BGG_ROSDA	67	6890
BGG_ROSDA	68	7037
BGG_ROSDA	69	7369
BGG_ROSDA	70	7866
BGG_ROSDA	71	8132
BGG_ROSDA	72	8254
BGG_ROSDA	73	8364
BGG_ROSDA	74	8642
BGG_ROSDA	75	9026
BGG_ROSDA	76	9291
BGG_ROSDA	77	9817
BGG_ROSDA	78	10224
BGG_ROSDA	79	10997
BGG_ROSDA	80	11058
BGG_ROSDA	81	11541
BGG_ROSDA	82	12242
BGG_ROSDA	83	12614
BGG_ROSDA	84	13347
BGG_ROSDA	85	14121
BGG_ROSDA	86	14988
BGG_ROSDA	87	16139
BGG_ROSDA	88	17321
BGG_ROSDA	89	18526
BGG_ROSDA	90	19777
BGG_ROSDA	91	20702
BGG_ROSDA	92	22105
BGG_ROSDA	93	23514
BGG_ROSDA	94	25710
BGG_ROSDA	95	27527
BGG_ROSDA	96	30156
BGG_ROSDA	97	32450
BGG_ROSDA	98	35302
BGG_ROSDA	99	37995
BGG_ROSDA	100	41062
BGG_ROSDA	101	43771
BGG_ROSDA	102	47024
BGG_ROSDA	103	50262
BGG_ROSDA	104	54230
BGG_ROSDA	105	58544
BGG_ROSDA	106	63547
BGG_ROSDA	107	68130
BGG_ROSDA	108	72968
BGG_ROSDA	109	78784
BGG_ROSDA	110	82942
BGG_ROSDA	111	88611
BGG_ROSDA	112	92935
BGG_ROSDA	113	99311
BGG_ROSDA	114	104679
BGG_ROSDA	115	111445
BGG_ROSDA	116	118671
BGG_ROSDA	117	125361
BGG_ROSDA	118	132308
BGG_ROSDA	119	138447
BGG_ROSDA	120	144860
BGG_ROSDA	121	150160
BGG_ROSDA	122	155662
BGG_ROSDA	123	161627
BGG_ROSDA	124	168830
BGG_ROSDA	125	175654
BGG_ROSDA	126	183261
BGG_ROSDA	127	189376
BGG_ROSDA	128	196575
BGG_ROSDA	129	203546
BGG_ROSDA	130	208804
BGG_ROSDA	131	214939
BGG_ROSDA	132	221051
BGG_ROSDA	133	226750
BGG_ROSDA	134	232146
BGG_ROSDA	135	239276
BGG_ROSDA	136	244225
BGG_ROSDA	137	251133
BGG_ROSDA	138	257843
BGG_ROSDA	139	262935
BGG_ROSDA	140	268766
BGG_ROSDA	141	274362
BGG_ROSDA	142	278048
BGG_ROSDA	143	283351
BGG_ROSDA	144	286442
BGG_ROSDA	145	292969
BGG_ROSDA	146	297823
BGG_ROSDA	147	304024
BGG_ROSDA	148	307152
BGG_ROSDA	149	313497
BGG_ROSDA	150	323673
BGG_ROSDA	151	308127
BGG_ROSDA	152	329927
BGG_ROSDA	153	333377
BGG_ROSDA	154	337195
BGG_ROSDA	155	340345
BGG_ROSDA	156	345133
BGG_ROSDA	157	349156
BGG_ROSDA	158	352055
BGG_ROSDA	159	357049
BGG_ROSDA	160	361023
BGG_ROSDA	161	364355
BGG_ROSDA	162	368077
BGG_ROSDA	163	370896
BGG_ROSDA	164	373501
BGG_ROSDA	165	377539
BGG_ROSDA	166	380661
BGG_ROSDA	167	383885
BGG_ROSDA	168	387908
BGG_ROSDA	169	392801
BGG_ROSDA	170	395853
BGG_ROSDA	171	398957
BGG_ROSDA	172	402034
BGG_ROSDA	173	404297
BGG_ROSDA	174	407889
BGG_ROSDA	175	409897
BGG_ROSDA	176	413148
BGG_ROSDA	177	417189
BGG_ROSDA	178	418460
BGG_ROSDA	179	422081
BGG_ROSDA	180	424508
BGG_ROSDA	181	427096
BGG_ROSDA	182	430591
BGG_ROSDA	183	432703
BGG_ROSDA	184	434139
BGG_ROSDA	185	435035
BGG_ROSDA	186	438154
BGG_ROSDA	187	440862
BGG_ROSDA	188	441469
BGG_ROSDA	189	446446
BGG_ROSDA	190	446757
BGG_ROSDA	191	448821
BGG_ROSDA	192	450090
BGG_ROSDA	193	450551
BGG_ROSDA	194	452764
BGG_ROSDA	195	454971
BGG_ROSDA	196	453263
BGG_ROSDA	197	454561
BGG_ROSDA	198	457507
BGG_ROSDA	199	458860
BGG_ROSDA	200	460734
BGG_ROSDA	201	462876
BGG_ROSDA	202	462699
BGG_ROSDA	203	464194
BGG_ROSDA	204	463160
BGG_ROSDA	205	463730
BGG_ROSDA	206	463329
BGG_ROSDA	207	465876
BGG_ROSDA	208	463445
BGG_ROSDA	209	464900
BGG_ROSDA	210	467756
BGG_ROSDA	211	467944
BGG_ROSDA	212	468001
BGG_ROSDA	213	467995
BGG_ROSDA	214	466973
BGG_ROSDA	215	466113
BGG_ROSDA	216	467444
BGG_ROSDA	217	465391
BGG_ROSDA	218	465615
BGG_ROSDA	219	465600
BGG_ROSDA	220	464816
BGG_ROSDA	221	465336
BGG_ROSDA	222	466093
BGG_ROSDA	223	464033
BGG_ROSDA	224	464173
BGG_ROSDA	225	463395
BGG_ROSDA	226	461236
BGG_ROSDA	227	460910
BGG_ROSDA	228	460598
BGG_ROSDA	229	459050
BGG_ROSDA	230	457602
BGG_ROSDA	231	457302
BGG_ROSDA	232	458099
BGG_ROSDA	233	456600
BGG_ROSDA	234	455154
BGG_ROSDA	235	453468
BGG_ROSDA	236	451957
BGG_ROSDA	237	450644
BGG_ROSDA	238	448070
BGG_ROSDA	239	447528
BGG_ROSDA	240	446499
BGG_ROSDA	241	445478
BGG_ROSDA	242	444159
BGG_ROSDA	243	442411
BGG_ROSDA	244	441003
BGG_ROSDA	245	440368
BGG_ROSDA	246	438672
BGG_ROSDA	247	434938
BGG_ROSDA	248	432105
BGG_ROSDA	249	432287
BGG_ROSDA	250	428913
BGG_ROSDA	251	428356
BGG_ROSDA	252	426794
BGG_ROSDA	253	425407
BGG_ROSDA	254	423780
BGG_ROSDA	255	421869
BGG_ROSDA	256	421924
BGG_ROSDA	257	417818
BGG_ROSDA	258	417399
BGG_ROSDA	259	413867
BGG_ROSDA	260	411805
BGG_ROSDA	261	410644
BGG_ROSDA	262	409629
BGG_ROSDA	263	405680
BGG_ROSDA	264	405593
BGG_ROSDA	265	404015
BGG_ROSDA	266	401202
BGG_ROSDA	267	400393
BGG_ROSDA	268	397416
BGG_ROSDA	269	394915
BGG_ROSDA	270	393901
BGG_ROSDA	271	390686
BGG_ROSDA	272	389088
BGG_ROSDA	273	387884
BGG_ROSDA	274	384578
BGG_ROSDA	275	382474
BGG_ROSDA	276	381314
BGG_ROSDA	277	377883
BGG_ROSDA	278	374944
BGG_ROSDA	279	371110
BGG_ROSDA	280	368649
BGG_ROSDA	281	365659
BGG_ROSDA	282	363812
BGG_ROSDA	283	359689
BGG_ROSDA	284	355597
BGG_ROSDA	285	352089
BGG_ROSDA	286	346124
BGG_ROSDA	287	341064
BGG_ROSDA	288	329314
BGG_ROSDA	289	308740
BGG_ROSDA	290	239116
BGG_ROSDA	291	0
BGG_ROSDA	292	0
BGG_ROSDA	293	0
BGG_ROSDA	294	0
BGG_ROSDA	295	0
BGG_ROSDA	296	0
BGG_ROSDA	297	0
BGG_ROSDA	298	0
BGG_ROSDA	299	0
BGG_ROSDA	300	0
BGG_ROSDA	301	0
BGG_ROSDA	302	0
BGG_ROSDA	303	0
BGG_ROSDA	304	0
BGG_ROSDA	305	0
BGG_ROSDA	306	0
BGG_ROSDA	307	0
BGG_ROSDA	308	0
BGG_ROSDA	309	0
BGG_ROSDA	310	0
BGG_ROSDA	311	0
BGG_ROSDA	312	0
BGG_ROSDA	313	0
BGG_ROSDA	314	0
BGG_ROSDA	315	0
BGG_ROSDA	316	0
BGG_ROSDA	317	0
BGG_ROSDA	318	0
BGG_ROSDA	319	0
BGG_ROSDA	320	0
BGG_ROSDA	321	0
BGG_ROSDA	322	0
BGG_ROSDA	323	0
BGG_ROSDA	324	0
BGG_ROSDA	325	0
BGG_ROSDA	326	0
BGG_ROSDA	327	0
BGG_ROSDA	328	0
BGG_ROSDA	329	0
BGG_ROSDA	330	0
BGG_ROSDA	331	0
BGG_ROSDA	332	0
BGG_ROSDA	333	0
BGG_ROSDA	334	0
BGG_ROSDA	335	0
BGG_ROSDA	336	0
BGG_ROSDA	337	0
BGG_ROSDA	338	0
BGG_ROSDA	339	0
BGG_ROSDA	340	0
BGG_ROSDA	341	0
BGG_ROSDA	342	0
BGG_ROSDA	343	0
BGG_ROSDA	344	0
BGG_ROSDA	345	0
BGG_ROSDA	346	0
BGG_ROSDA	347	0
BGG_ROSDA	348	0
BGG_ROSDA	349	0
BGG_ROSDA	350	0
BGG_ROSDA	351	0
BGG_ROSDA	352	0
BGG_ROSDA	353	0
BGG_ROSDA	354	0
BGG_ROSDA	355	0
BGG_ROSDA	356	0
BGG_ROSDA	357	0
BGG_ROSDA	358	0
BGG_ROSDA	359	0
BGG_ROSDA	360	0
BGG_ROSDA	361	0
BGG_ROSDA	362	0
BGG_ROSDA	363	0
BGG_ROSDA	364	0
BGG_ROSDA	365	0
BGG_ROSDA	366	0
BGG_ROSDA	367	0
BGG_ROSDA	368	0
BGG_ROSDA	369	0
BGG_ROSDA	370	0
BGG_ROSDA	371	0
BGG_ROSDA	372	0
BGG_ROSDA	373	0
BGG_ROSDA	374	0
BGG_ROSDA	375	0
BGG_ROSDA	376	0
BGG_ROSDA	377	0
BGG_ROSDA	378	0
BGG_ROSDA	379	0
BGG_ROSDA	380	0
BGG_ROSDA	381	0
BGG_ROSDA	382	0
BGG_ROSDA	383	0
BGG_ROSDA	384	0
BGG_ROSDA	385	0
BGG_ROSDA	386	0
BGG_ROSDA	387	0
BGG_ROSDA	388	0
BGG_ROSDA	389	0
BGG_ROSDA	390	0
BGG_ROSDA	391	0
BGG_ROSDA	392	0
BGG_ROSDA	393	0
BGG_ROSDA	394	0
BGG_ROSDA	395	0
BGG_ROSDA	396	0
BGG_ROSDA	397	0
BGG_ROSDA	398	0
BGG_ROSDA	399	0
BGG_ROSDA	400	0
BGG_ROSDA	401	0
BGG_ROSDA	402	0
BGG_ROSDA	403	0
BGG_ROSDA	404	0
BGG_ROSDA	405	0
BGG_ROSDA	406	0
BGG_ROSDA	407	0
BGG_ROSDA	408	0
BGG_ROSDA	409	0
BGG_ROSDA	410	0
BGG_ROSDA	411	0
BGG_ROSDA	412	0
BGG_ROSDA	413	0
BGG_ROSDA	414	0
BGG_ROSDA	415	0
BGG_ROSDA	416	0
BGG_ROSDA	417	0
BGG_ROSDA	418	0
BGG_ROSDA	419	0
BGG_ROSDA	420	0
BGG_ROSDA	421	0
BGG_ROSDA	422	0
BGG_ROSDA	423	0
BGG_ROSDA	424	0
BGG_ROSDA	425	0
BGG_ROSDA	426	0
BGG_ROSDA	427	0
BGG_ROSDA	428	0
BGG_ROSDA	429	0
BGG_ROSDA	430	0
BGG_ROSDA	431	0
BGG_ROSDA	432	0
BGG_ROSDA	433	0
BGG_ROSDA	434	0
BGG_ROSDA	435	0
BGG_ROSDA	436	0
BGG_ROSDA	437	0
BGG_ROSDA	438	0
BGG_ROSDA	439	0
BGG_ROSDA	440	0
BGG_ROSDA	441	0
BGG_ROSDA	442	0
BGG_ROSDA	443	0
BGG_ROSDA	444	0
BGG_ROSDA	445	0
BGG_ROSDA	446	0
BGG_ROSDA	447	0
BGG_ROSDA	448	0
BGG_ROSDA	449	0
BGG_ROSDA	450	0
BGG_ROSDA	451	0
BGG_ROSDA	452	0
BGG_ROSDA	453	0
BGG_ROSDA	454	0
BGG_ROSDA	455	0
BGG_ROSDA	456	0
BGG_ROSDA	457	0
BGG_ROSDA	458	0
BGG_ROSDA	459	0
BGG_ROSDA	460	0
BGG_ROSDA	461	0
BGG_ROSDA	462	0
BGG_ROSDA	463	0
BGG_ROSDA	464	0
BGG_ROSDA	465	0
BGG_ROSDA	466	0
BGG_ROSDA	467	0
BGG_ROSDA	468	0
BGG_ROSDA	469	0
BGG_ROSDA	470	0
BGG_ROSDA	471	0
BGG_ROSDA	472	0
BGG_ROSDA	473	0
BGG_ROSDA	474	0
BGG_ROSDA	475	0
BGG_ROSDA	476	0
BGG_ROSDA	477	0
BGG_ROSDA	478	0
BGG_ROSDA	479	0
BGG_ROSDA	480	0
BGG_ROSDA	481	0
BGG_ROSDA	482	0
BGG_ROSDA	483	0
BGG_ROSDA	484	0
BGG_ROSDA	485	0
BGG_ROSDA	486	0
BGG_ROSDA	487	0
BGG_ROSDA	488	0
BGG_ROSDA	489	0
BGG_ROSDA	490	0
BGG_ROSDA	491	0
BGG_ROSDA	492	0
BGG_ROSDA	493	0
BGG_ROSDA	494	0
BGG_ROSDA	495	0
BGG_ROSDA	496	0
BGG_ROSDA	497	0
BGG_ROSDA	498	0
BGG_ROSDA	499	0
BGG_ROSDA	500	0
BGG_ROSDA	501	0
BGG_ROSDA	502	0
BGG_ROSDA	503	0
BGG_ROSDA	504	0
BGG_ROSDA	505	0
BGG_ROSDA	506	0
BGG_ROSDA	507	0
BGG_ROSDA	508	0
BGG_ROSDA	509	0
BGG_ROSDA	510	0
BGG_ROSDA	511	0
BGG_ROSDA	512	36932510
